분과,중단원,아티클,문항 번호,난이도,퀴즈 유형,문제,정답 1,정답 2,보기 1,보기 2,보기 3,보기 4,보기 5,보기 6,예문,정답해설
화학,7-1) 용액의 화학,A. 용액의 성질,1,하,인라인,다음은 설탕이 물에 녹는 과정을 설명한 것입니다. 빈칸에 들어갈 알맞은 말을 고르세요.,2,1,용질/용매/용액,용해/증발/포화,,,,,"설탕물에서 물처럼 다른 물질을 녹이는 물질을 [1](이)라고 한다. 설탕 입자가 서로 떨어져 물 분자 사이로 고르게 퍼지는데, 이러한 과정을 [2](이)라고 한다.","다른 물질을 녹이는 쪽이 용매이고, 그 안에 녹아 있는 쪽이 용질이에요. 용질 입자가 서로 떨어져 용매 분자 사이로 퍼지는 과정을 용해라고 불러요. 눈에 보이지 않을 뿐 용질이 사라진 것은 아니랍니다."
,,,2,하,OX,물에 녹아 있는 산소의 양은 수온이 높아질수록 늘어난다.,X,,O,X,,,,,-,물에 녹을 수 있는 기체의 양은 수온이 높아지면 오히려 줄어들어요. 여름철에 물속 산소가 부족해지기 쉬운 이유가 여기에 있어요. 반대로 압력이 높아지면 녹는 양은 늘어난답니다.
,,,3,중,사지선다 (단수),용질이 다 녹지 않고 바닥에 남아 있는 포화 용액을 입자 수준에서 살펴보았습니다. 이때 일어나는 일로 옳은 것은 무엇인가요?,4,,용질 입자의 이동이 멈춰 아무 변화도 일어나지 않는다.,바닥에 남은 용질이 시간이 지나면 모두 녹아 사라진다.,용매 분자가 용질을 밀어내어 결정이 점점 커지기만 한다.,용질이 녹는 과정과 결정이 되는 과정이 함께 일어난다.,,,-,포화 용액은 변화가 멈춘 상태가 아니에요. 용질이 녹아 들어가는 과정과 다시 결정이 되는 과정이 같은 속도로 일어나 겉보기에 그대로인 것이죠. 이런 상태를 동적 평형이라고 불러요.
,,,4,중-상,순서배열,다음 문장은 비휘발성 용질을 녹인 용액의 끓는점이 순수한 물보다 높아지는 이유를 설명한 것입니다. 설명의 흐름에 맞게 배열하세요.,다-가-라-나,,수면에 있는 입자 가운데 물 분자가 차지하는 비율이 줄어든다.,증기 압력이 대기압과 같아지려면 순수한 물보다 더 높은 온도가 필요하다.,비휘발성 용질이 물에 녹아 물 분자 사이로 퍼진다.,같은 시간에 공기 중으로 빠져나가는 물 분자가 줄어 증기 압력이 낮아진다.,,,-,"용질이 녹으면 수면에서 물 분자가 차지하는 비율이 줄어 증기 압력이 낮아져요. 끓는다는 것은 액체의 증기 압력이 대기압과 같아지는 일이라, 낮아진 만큼 온도를 더 올려야 해요. 라면수프를 먼저 넣은 물이 섭씨 100도보다 높은 온도에서 끓는 이유랍니다."
,,,5,상,직접 입력,빈칸에 들어갈 알맞은 말을 쓰세요.,총괄성,,,,,,,,"비휘발성 용질을 녹인 묽은 용액에서는 증기 압력이 낮아지고 끓는점이 높아지며 어는점이 낮아진다. 이 변화의 크기는 용질이 설탕인지 소금인지가 아니라 녹아 있는 입자의 수로 정해지는데, 이러한 성질을 ___(이)라고 한다.",총괄성은 용질이 무엇인지가 아니라 녹아 있는 입자의 수가 결정하는 성질이에요. 그래서 설탕을 녹이든 소금을 녹이든 입자 수가 비슷하면 변화의 크기도 비슷해져요. 겨울철 도로에 염화 칼슘을 뿌려 어는점을 낮추는 것도 같은 원리랍니다.
,,,6,중,사지선다 (복수),물에 물질이 녹는 현상을 옳게 설명한 것을 모두 고르세요.,1,3,극성인 물은 이온과 극성 분자를 대부분 잘 녹인다.,비극성인 기름은 물과 고르게 섞여 하나의 용액이 된다.,비누는 친수성 부분과 소수성 부분을 함께 지니고 있다.,용질이 녹으면 용질 입자 자체가 사라져 없어진다.,,,-,극성인 물은 이온이나 극성 분자와는 잘 섞이지만 비극성인 기름과는 층을 이뤄요. 비누와 세제는 친수성 부분과 소수성 부분을 함께 지녀 물과 기름 사이를 이어 주죠. 용질이 눈에 보이지 않게 녹아도 입자 자체는 그대로 남아 있어요.
,,,7,중-상,순서배열,다음 문장은 빗물에 녹은 물질이 해수에 이르는 과정을 나타냅니다. 원인과 결과가 자연스럽게 이어지도록 배열하세요.,나-라-가-다,,약한 산성을 띤 빗물이 암석과 토양을 지나며 여러 이온을 녹여 낸다.,대기의 이산화 탄소가 빗물에 녹아 탄산을 만든다.,암석과 토양에서 녹아 나온 이온이 강물에 섞여 해양으로 모인다.,탄산이 녹아 있는 빗물은 약한 산성을 띠게 된다.,,,-,"빗물에는 대기의 이산화 탄소가 녹아 탄산이 생기기 때문에 약한 산성을 띠어요. 이 빗물이 암석과 토양을 지나며 이온을 녹여 내고, 그 이온이 강물을 따라 바다로 모여요. 해수가 수많은 이온과 분자가 녹아 있는 거대한 수용액인 이유랍니다."
화학,7-1) 용액의 화학,B. 용액이 촉발하는 변화,1,하,인라인,다음은 질산 은 용액과 염화 나트륨 용액을 섞었을 때 일어나는 변화를 설명한 것입니다. 빈칸에 들어갈 알맞은 말을 고르세요.,2,1,중화 반응/침전 반응/산화 환원 반응,석출/용해/기화,,,,,질산 은 용액과 염화 나트륨 용액을 섞으면 투명하던 액체에서 흰 고체가 나타난다. 용액 속 이온들이 만나 잘 녹지 않는 고체를 만드는 이러한 반응을 [1](이)라고 한다. 이때 생성된 고체가 액체에서 분리되어 나오는 것을 [2](이)라고 부른다.,"물속에서 따로 움직이던 은 이온과 염화 이온이 만나 염화 은이 된 거예요. 염화 은은 물에 거의 녹지 않아 고체로 분리되어 나오죠. 이렇게 잘 녹지 않는 고체가 생기는 반응을 침전 반응이라 하고, 그 고체가 액체에서 빠져나오는 것을 석출이라고 해요."
,,,2,하,OX,헤모글로빈 속 철은 산소와 한 번 결합하면 다시 떼어 놓을 수 없다.,X,,O,X,,,,,-,헤모글로빈 속 철은 산소와 가역적으로 결합해요. 필요한 곳에서 산소를 다시 내놓을 수 있어야 온몸으로 산소를 나를 수 있으니까요. 여러 효소에서도 아연이나 마그네슘 같은 금속 이온이 반응에 참여한답니다.
,,,3,중,사지선다 (단수),아연 조각을 파란 황산 구리 용액에 넣었더니 아연 표면에 붉은 고체가 생기고 용액의 파란색이 옅어졌습니다. 이때 용액 안에서 일어난 변화로 옳은 것은 무엇인가요?,4,,"아연이 전자를 받아 환원되고, 구리 이온은 전자를 잃어 산화된다.",아연과 구리 이온이 서로 양성자를 주고받아 새로운 고체를 만든다.,아연 이온과 황산 이온이 만나 잘 녹지 않는 고체로 가라앉는다.,"아연이 전자를 잃어 산화되고, 구리 이온은 전자를 받아 환원된다.",,,-,아연은 전자를 잃고 아연 이온이 되어 용액으로 녹아 들어가요. 그 전자를 구리 이온이 받아 금속 구리로 환원되면서 아연 표면에 붉게 달라붙죠. 용액의 파란색이 옅어지는 것은 구리 이온이 줄어들었다는 뜻이에요.
,,,4,중-상,순서배열,다음 문장은 석회 동굴에서 종유석과 석순이 자라는 과정을 설명한 것입니다. 원인과 결과가 자연스럽게 이어지도록 문장을 배열하세요.,나-가-라-다,,동굴 천장에 맺힌 물방울에서 이산화 탄소가 빠져나간다.,지하수가 석회암을 지나며 칼슘 이온과 탄산수소 이온을 녹여 나른다.,얇은 탄산칼슘 막이 오랜 세월 겹겹이 쌓여 종유석과 석순으로 자란다.,물에 녹아 있던 칼슘 이온이 탄산칼슘 고체로 바뀐다.,,,-,"지하수가 석회암을 지나면서 칼슘 이온과 탄산수소 이온을 녹여 동굴까지 날라요. 천장에 맺힌 물방울에서 이산화 탄소가 빠져나가면 그제야 탄산칼슘이 고체로 바뀌죠. 물방울 하나가 남기는 막은 눈에 보이지도 않을 만큼 얇지만, 그런 순간이 수만 년 쌓이면 사람 키를 넘는 종유석과 석순이 된답니다."
,,,5,상,직접 입력,빈칸에 들어갈 알맞은 말을 쓰세요.,하이드로늄 이온,,,,,,,,"물 분자 가운데 극히 일부는 서로 양성자를 주고받는다. 이때 양성자를 내준 쪽은 수산화 이온이 되고, 양성자를 받은 쪽은 _____ __(이)가 된다.","물은 극히 일부가 스스로 양성자를 주고받아요. 양성자를 받은 물 분자는 하이드로늄 이온이 되고, 내준 물 분자는 수산화 이온이 되죠. 산과 염기의 반응이 물속에서 활발한 것도 물이 양성자를 주고받기 좋은 환경이기 때문이에요."
,,,6,중,사지선다 (복수),구리 이온이 들어 있는 용액에 암모니아수를 넣었을 때 나타나는 변화로 옳은 것을 모두 고르세요.,1,3,암모니아수를 조금 넣으면 연한 파란색 고체가 생긴다.,암모니아수를 넣으면 구리 이온이 금속 구리로 환원된다.,암모니아수를 많이 넣으면 짙은 파란색 착물이 만들어진다.,금속 이온에 어떤 분자가 결합해도 색과 반응성은 달라지지 않는다.,,,-,암모니아수를 조금 넣으면 연한 파란색 고체가 먼저 생겨요. 여기에 암모니아수를 더 넣으면 그 고체가 녹으면서 짙은 파란색 착물이 만들어지죠. 같은 금속 이온이라도 주변에 무엇이 결합하느냐에 따라 색과 반응성이 크게 달라진답니다.
,,,7,중-상,순서배열,다음 문장은 고체가 물에 녹아 새로운 반응이 일어나기까지의 과정을 설명한 것입니다. 원인과 결과가 자연스럽게 이어지도록 문장을 배열하세요.,나-라-가-다,,결정에서 떨어져 나온 입자들이 용액 안을 자유롭게 움직이며 다른 입자와 만난다.,고체 결정 속에서 입자들이 일정한 자리에 묶여 있다.,서로 만난 입자들 사이에서 양성자나 전자가 이동하면서 새로운 결합이 생성된다.,물에 녹은 이온이나 분자가 물 분자에 둘러싸인 채 결정에서 떨어져 나온다.,,,-,고체 결정에서는 입자들이 제자리에 묶여 있어 서로 만날 기회가 거의 없어요. 물에 녹으면 물 분자에 둘러싸인 채 떨어져 나와 용액 안을 자유롭게 움직일 수 있죠. 이렇게 만날 수 있게 된 입자들 사이에서 양성자나 전자가 오가며 새로운 결합이 생겨요.
화학,7-1) 용액의 화학,C. 콜로이드,1,하,인라인,,,,,,,,,,,
,,,2,하,OX,,,,,,,,,,,
,,,3,중,사지선다 (단수),,,,,,,,,,,
,,,4,중-상,순서배열,,,,,,,,,,,
,,,5,상,직접 입력,,,,,,,,,,,
,,,6,중,사지선다 (복수),,,,,,,,,,,
,,,7,중-상,순서배열,,,,,,,,,,,
화학,7-1) 용액의 화학,D. 수용액 평형,1,하,인라인,다음은 아미노산과 주변 pH의 관계를 설명한 것입니다. 빈칸에 들어갈 알맞은 말을 고르세요.,1,2,카복실기/메틸기/하이드록실기,극성/전하/산화수,,,,,아미노산은 양성자를 내놓기 쉬운 [1]와(과) 양성자를 받기 쉬운 아미노기를 함께 가진다. 그래서 주변 pH가 달라지면 이 분자가 띠는 [2]도 함께 달라진다.,"아미노산은 양성자를 내놓기 쉬운 카복실기와 양성자를 받기 쉬운 아미노기를 함께 가지고 있어요. 그래서 주변 pH가 바뀌면 분자가 띠는 전하가 달라져요. 전하가 달라지면 단백질이 유지하던 모양과 결합 상대까지 바뀌고, 효소마다 잘 작동하는 pH 범위가 다른 것도 이 때문이에요."
,,,2,하,OX,혈액의 pH가 좁은 범위에서 유지되는 것은 한 가지 물질의 작용 덕분이다.,X,,O,X,,,,,-,"혈액의 pH는 한 가지 물질만으로 지켜지지 않아요. 탄산수소 이온과 이산화 탄소가 연결된 평형, 양성자를 주고받는 단백질과 인산, 폐와 콩팥의 조절이 함께 작동해요. 그 덕분에 동맥피의 pH가 7.35~7.45의 좁은 범위에서 조절돼요."
,,,3,중,사지선다 (단수),약산과 그 짝염기가 함께 들어 있는 용액이 pH 변화에 가장 잘 저항하는 조건은 무엇인가요?,3,,약산의 양이 짝염기보다 훨씬 많을 때,짝염기가 거의 모두 소모되었을 때,용액의 pH가 약산의 pKa에 가까울 때,용액에 강산이 함께 많이 녹아 있을 때,,,-,약산과 짝염기의 양이 비슷할수록 산이 들어와도 염기가 들어와도 대응할 여력이 커져요. 두 형태의 농도가 같아지는 지점이 바로 pH가 pKa와 같아지는 지점이에요. 그래서 pH가 pKa에 가까울수록 pH 변화에 잘 저항해요.
,,,4,중-상,순서배열,다음 문장은 대기 중 이산화 탄소가 늘어날 때 해수에서 일어나는 변화를 설명한 것입니다. 원인과 결과가 자연스럽게 이어지도록 배열하세요.,나-라-가-다,,탄산수소 이온과 탄산 이온이 저항할 수 있는 한계를 넘어설 만큼 pH가 변한다,대기 중 이산화 탄소가 해수에 녹아든다,탄산칼슘으로 골격을 만드는 산호가 이용할 수 있는 화학적 조건이 달라진다,해수의 탄산염 평형이 달라지고 수소 이온의 양도 함께 변한다,,,-,"대기 중 이산화 탄소가 해수에 녹으면 탄산염 평형이 달라지고 수소 이온의 양도 변해요. 해수에도 탄산수소 이온과 탄산 이온이 있어 pH 변화에 어느 정도 저항하지만, 그 능력에는 한계가 있어요. 한계를 넘어서면 탄산칼슘으로 골격을 만드는 산호 같은 생물이 쓰던 화학적 조건도 달라져요."
,,,5,상,직접 입력,빈칸에 들어갈 알맞은 말을 쓰세요.,완충 용액,,,,,,,,"산이 새로 들어와도, 염기가 새로 들어와도 그것을 곧바로 받아 줄 성분이 미리 함께 갖춰져 있다. 그래서 pH가 거의 달라지지 않는 이런 용액을 __ __(이)라고 한다.","약산과 그 짝염기, 또는 약염기와 그 짝산이 함께 충분한 양으로 들어 있는 용액을 완충 용액이라고 해요. 산을 받아 줄 짝염기와 염기를 받아 줄 약산을 미리 갖춰 둔 셈이에요. 다만 그 능력이 무한하지는 않아서, 한쪽 성분이 모두 소모되면 pH는 빠르게 변해 버려요."
,,,6,중,사지선다 (복수),약산과 그 짝염기가 함께 들어 있는 용액에 산이나 염기가 새로 들어왔습니다. 이때 일어나는 변화로 옳은 것을 모두 고르세요.,1,4,산이 들어오면 짝염기가 그 양성자를 받아 약산 형태로 돌아간다,산이 들어오면 약산이 양성자를 더 내놓아 수소 이온이 크게 늘어난다,염기가 들어오면 짝염기가 수산화 이온을 그대로 흡수해 중성이 된다,염기가 들어오면 수산화 이온이 약산의 양성자와 결합해 물이 생성된다,,,-,완충 용액은 들어온 산과 염기를 곧바로 받아 내며 새로운 평형으로 옮겨 가요. 산이 들어오면 짝염기가 양성자를 받아 약산으로 돌아가요. 염기가 들어오면 약산이 내놓은 양성자가 수산화 이온과 결합해 물이 되고 약산은 짝염기가 되죠. 그래서 수소 이온 농도가 크게 달라지지 않아요.
,,,7,중-상,순서배열,다음 문장은 혈액에 산이 늘어났을 때 몸이 수소 이온을 처리하는 과정을 설명한 것입니다. 원인과 결과가 자연스럽게 이어지도록 배열하세요.,다-나-라-가,,혈액의 pH가 좁은 범위에서 유지된다,혈액 속 탄산수소 이온이 늘어난 양성자를 받아 이산화 탄소로 바뀐다,대사 과정에서 생긴 산이 혈액으로 들어와 양성자가 늘어난다,이산화 탄소가 폐로 운반되어 날숨으로 빠져나간다,,,-,"혈액의 pH를 지키는 중심은 탄산 완충계예요. 산이 늘어나면 탄산수소 이온이 양성자를 받아 이산화 탄소 쪽으로 되돌아가고, 그 이산화 탄소는 날숨으로 빠져나가요. 탄산수소 이온의 양은 콩팥이 조절하니, 몸은 정해진 양으로 버티는 용액과 달리 두 성분의 양 자체를 바꿀 수 있어요."
생명,7-2) 생명의 화학,A. 생물 정의,1,하,인라인,다음은 생명체가 지닌 두 가지 특성을 설명한 것입니다. 빈칸에 들어갈 알맞은 말을 고르세요.,2,1,조직/세포/기관,항상성/생식/자극에 대한 반응,,,,,"모든 생명체는 막으로 둘러싸인 작은 공간인 [1](으)로 이루어져 있다. 그 경계 안에서 산성도와 이온 농도가 좁은 범위로 조절되는데, 이러한 자기조절을 [2](이)라고 한다.",세포는 막으로 둘러싸여 안과 밖을 가르는 작은 공간이에요. 그 경계가 있어야 안쪽 조건을 따로 조절할 수 있죠. 이렇게 내부를 좁은 범위로 유지하는 성질이 항상성이에요.
,,,2,하,OX,사람처럼 대화를 나누는 인공지능은 배우고 반응하므로 생명체로 분류된다.,X,,O,X,,,,,-,인공지능은 배우고 대답하지만 세포로 이루어져 있지 않아요. 생명은 여러 특성이 하나의 경계 안에 함께 모일 때 나타나는 현상이에요. 그래서 반응한다는 것만으로는 생명체가 되지 않아요.
,,,3,중,사지선다 (단수),바이러스는 생물과 무생물 사이에 놓인 존재로 이야기됩니다. 그 이유로 알맞은 것은 무엇인가요?,3,,유전 정보를 지니지 않아 변이와 진화가 일어나지 않는다,숙주 세포 안에서도 자기와 비슷한 입자를 복제하지 못한다,유전 정보를 복제하고 진화하지만 자기 세포 구조를 갖지 못한다,세포 구조를 온전히 갖추었으나 유전 정보를 지니지 못한다,,,-,"바이러스는 숙주 세포 안에서 자기와 비슷한 입자를 복제하고, 변이를 쌓으며 진화도 해요. 그런데 자기 세포 구조가 없어서 혼자서는 살아가지 못하죠. 일부 특성만 지녔기 때문에 생물과 무생물 사이에 놓입니다."
,,,4,중-상,순서배열,다음 문장은 하나의 생명체가 자라나 다음 세대를 남기기까지의 과정을 설명한 것입니다. 원인과 결과가 자연스럽게 이어지도록 배열하세요.,다-라-가-나,,조직과 기관을 갖춘 생명체가 성숙한다,성숙한 생명체가 자신과 닮은 다음 세대를 남긴다,수정란 하나가 세포분열을 거듭한다,분열로 늘어난 세포들이 여러 조직과 기관으로 발달한다,,,-,"수정란은 세포분열을 거듭하면서 조직과 기관을 만들어 가요. 이 발생과 생장을 거쳐야 비로소 성숙한 개체가 되고, 성숙해야 다음 세대를 남길 수 있어요. 각 과정은 바로 앞의 과정이 이루어져야 일어날 수 있답니다."
,,,5,상,직접 입력,빈칸에 들어갈 알맞은 말을 쓰세요.,물질대사,,,,,,,,"생명체는 바깥에서 물질을 들여오고, 그것을 분해해 새로운 분자를 만든다. 이 흐름이 멈춘 상태를 우리는 죽음이라고 부른다. 들어오고 바뀌고 나가는 이 흐름을 ____(이)라고 한다.",물질대사는 들여온 물질을 분해하고 새로운 분자로 바꾸는 흐름이에요. 생명은 멈춰 있는 물질이 아니라 이런 흐름 자체랍니다. 그래서 흐름이 끊기면 죽음이라고 부르죠.
,,,6,중,사지선다 (복수),생명체가 보이는 특성 가운데 자극에 대한 반응에 해당하는 사례를 모두 고르세요.,2,4,바깥 날씨가 달라져도 체온이 섭씨 36.5도 근처로 유지된다,식물이 빛이 오는 쪽으로 줄기를 뻗는다,세균이 둘로 나뉘어 자신과 닮은 개체를 남긴다,물고기 떼가 천적의 그림자를 보고 흩어진다,,,-,"자극에 대한 반응은 바깥의 변화를 감지해 자기 상태를 바꾸는 성질이에요. 빛을 향해 줄기를 뻗는 식물과 천적을 보고 흩어지는 물고기 떼가 여기에 해당해요. 체온을 일정하게 유지하는 것은 항상성, 세균이 둘로 나뉘는 것은 생식이랍니다."
,,,7,중-상,순서배열,다음 문장은 생명체가 환경에 적응하며 진화하는 과정을 설명한 것입니다. 원인과 결과가 자연스럽게 이어지도록 배열하세요.,나-라-가-다,,생존에 유리한 차이가 세대를 거쳐 쌓인다,유전 정보가 복제되는 과정에서 작은 변화가 생긴다,생명체의 모습이 환경에 적응한 형태로 달라진다,특정 환경에서 살아남는 데 도움이 되는 변화가 나타난다,,,-,복제는 언제나 완벽하지 않아서 유전 정보에 작은 변화가 생겨요. 그 변화 가운데 환경에서 유리한 것이 세대를 거쳐 쌓이면 생명체의 모습이 달라지죠. 적응과 진화는 이렇게 이어진 하나의 과정이에요.
생명,7-2) 생명의 화학,B. 생체 구성 원자,1,하,인라인,다음 설명에서 빈칸에 들어갈 말을 각각 고르세요.,3,2,수소/질소/탄소,정사각형/사면체/직선,,,,,"생체 분자가 다양해지는 바탕에는 네 방향으로 안정적인 결합을 만드는 [1]이(가) 있다. 이 원소가 단일 결합만 이룰 때, 네 결합은 [2]의 꼭짓점 방향으로 뻗어 나간다.","탄소는 보통 하나의 결합을 만드는 수소, 둘을 만드는 산소, 셋을 만드는 질소와 달라요. 네 개의 결합을 안정적으로 만들고, 단일 결합일 때는 사면체의 네 꼭짓점 방향으로 퍼져 나가죠. 이 단순한 사실 하나가 사슬과 가지와 고리를 모두 가능하게 해요."
,,,2,하,OX,오렌지 껍질과 레몬의 향 분자는 원자의 종류와 연결 방식이 서로 달라서 다른 향으로 느껴진다.,X,,O,X,,,,,-,"두 향 분자는 같은 원자들이 같은 방식으로 연결되어 있어요. 다른 것은 3차원 공간에서의 방향뿐이고, 거울처럼 뒤집혀 있죠. 우리 코는 그 거울상의 차이를 분명히 구별해요."
,,,3,중,사지선다 (단수),생체 안에서 인이 하는 일로 알맞은 것은 무엇인가요?,4,,다른 원자와 네 개의 결합을 만들어 분자의 골격을 이룬다,몸무게의 약 96퍼센트를 차지하는 네 원소에 속한다,다른 원자와 두 개의 결합만 안정적으로 만든다,DNA와 RNA의 골격을 이루고 에너지 전달에 관여한다,,,-,"인은 DNA와 RNA의 골격을 이루는 인산기의 주인공이에요. 또 ATP, 즉 아데노신 삼인산에서 인산 하나가 떨어져 나가는 반응 전체에서 에너지가 방출되죠. 정보의 저장과 에너지의 전달이라는 두 가지 결정적 역할에 인이 함께해요."
,,,4,중-상,순서배열,다음 문장은 원자에서 생명활동에 이르는 과정을 설명한 것입니다. 원인과 결과가 자연스럽게 이어지도록 문장을 배열하세요.,나-라-가-다,,분자의 모양이 특정 상대와만 결합하는 기능을 만든다,여러 원자가 서로 결합하여 하나의 분자를 이룬다,분자의 기능들이 세포 안에서 이어져 생명활동이 가능해진다,분자는 3차원 공간에서 고유한 모양을 갖는다,,,-,"원자가 모여 분자를 이루고, 그 분자의 3차원 모양이 기능을 결정해요. 효소가 특정 반응만 촉진하고 항체가 특정 병원체만 알아보는 것도 모양의 정밀한 일치 덕분이에요. 이런 기능들이 세포 안에서 이어질 때 비로소 생명활동이 가능해져요."
,,,5,상,직접 입력,빈칸에 들어갈 알맞은 말을 쓰세요.,유기 화합물,,,,,,,,"탄소는 자신과도 결합하고 다른 원소와도 결합하면서 사슬과 가지, 고리 구조를 만든다. 지금까지 알려진 화합물의 대부분은 이처럼 탄소를 포함하는데, 이런 화합물을 __ ___(이)라고 한다.","탄소가 네 방향으로 결합하며 사슬과 가지와 고리를 자유롭게 만들기 때문이에요. 그래서 지금까지 알려진 화합물의 대부분이 탄소를 포함하는 유기 화합물이죠. 인류가 만든 합성 화합물도, 자연의 약품과 색소와 향기도 대부분 탄소를 골격으로 해요."
,,,6,중,사지선다 (복수),생체를 이루는 원소의 기원에 대한 설명으로 옳은 것을 모두 고르세요.,1,3,수소는 빅뱅 직후 우주에 가장 많이 생성되었다,인과 황은 지구의 지각에서 처음 생성되었다,"탄소와 산소, 질소는 별의 내부에서 생성되었다",자연의 약 92가지 원소가 생체 분자를 고르게 이룬다,,,-,"수소는 빅뱅 직후 우주에 가장 많이 생성된 원소예요. 탄소와 산소, 질소는 별의 내부에서 만들어졌고, 인과 황도 별의 진화와 죽음 속에서 우주로 퍼져 나갔어요. 우리 몸을 이루는 원료는 138억 년 우주사가 남긴 물질이랍니다."
,,,7,중-상,순서배열,다음 문장은 단백질의 모양이 유지되고 바뀌는 과정을 설명한 것입니다. 원인과 결과가 자연스럽게 이어지도록 문장을 배열하세요.,다-가-라-나,,가까이 놓인 두 시스테인의 황끼리 서로 결합한다,황과 황 사이의 결합을 끊었다가 다시 이으면 머리카락의 모양이 바뀐다,단백질 안에서 아미노산인 시스테인 두 개가 가까이 놓인다,황과 황 사이의 결합이 단백질의 모양을 일정하게 유지한다,,,-,아미노산 가운데 시스테인 두 개가 가까이 놓이면 황과 황이 서로 결합해요. 이 결합이 단백질을 일정한 모양으로 붙잡아 주죠. 머리카락에 컬을 넣거나 곧게 펴는 일도 바로 이 결합을 끊었다가 다시 잇는 화학적 과정이에요.
생명,7-2) 생명의 화학,C. 생명과 물,1,하,인라인,다음은 물 분자의 성질을 설명한 것입니다. 빈칸에 들어갈 알맞은 말을 고르세요.,2,3,무극성/극성/이온화,공유 결합/이온 결합/수소 결합,,,,,"물 분자는 산소 쪽이 약한 음전하를, 수소 쪽이 약한 양전하를 띤다. 이렇게 한 분자 안에 음과 양이 함께 있는 성질을 [1](이)라고 한다. 또한 한 물 분자의 수소 쪽은 이웃한 물 분자의 산소 쪽에 끌리는데, 이 약한 인력을 [2](이)라고 한다.","물 분자는 산소 쪽이 음전하를, 수소 쪽이 양전하를 띠는 극성 분자예요. 이 극성 덕분에 이웃한 분자끼리 수소 결합으로 서로를 끌어당겨요. 물의 특별한 성질은 대부분 여기에서 시작돼요."
,,,2,하,OX,자이언트 세쿼이아의 꼭대기까지 물이 올라가는 것은 뿌리가 펌프처럼 물을 밀어 올리기 때문이다.,X,,O,X,,,,,-,"큰 나무에는 물을 밀어 올리는 펌프가 없어요. 잎에서 물이 증발하며 위로 빨아올리는 힘, 물 분자끼리 서로 끌어당기는 힘, 물관 벽에 들러붙는 힘이 함께 작동해요. 세 힘이 이어져 100미터가 넘는 높이까지 물이 올라가요."
,,,3,중,사지선다 (단수),물이 얼 때 부피가 줄어 얼음이 가라앉는다고 가정해 봅시다. 이때 예상되는 결과로 알맞은 것은 무엇인가요?,3,,호수 표면만 얼고 아래쪽 물은 얼지 않은 채 그대로 남는다,물이 얼지 않게 되어 호수의 온도가 늘 일정하게 유지된다,호수가 깊은 곳까지 통째로 얼어 생물이 자리 잡기 어려워진다,바위 틈의 얼음이 커지면서 토양이 더 빠르게 만들어진다,,,-,물은 얼면 부피가 늘고 밀도가 낮아져 얼음이 위로 떠요. 덕분에 겨울 호수는 표면부터 얼고 아래쪽 물은 얼지 않은 채 남아요. 얼음이 가라앉는다면 깊은 곳까지 얼어붙어 생명이 자리 잡기 어려웠을 거예요.
,,,4,중-상,순서배열,다음 문장은 얼음이 물 위에 뜨는 이유를 설명한 것입니다. 설명의 흐름에 맞게 배열하세요.,다-가-나-라,,얼음의 육각형 격자는 액체 상태의 배열보다 분자 사이가 듬성듬성하다,같은 양의 물이 얼음이 되면 부피가 늘고 밀도가 낮아진다,물이 얼면서 분자들이 수소 결합 방향에 맞추어 육각형 격자로 배열된다,물보다 밀도가 낮아진 얼음이 가라앉지 않고 물 위로 떠오른다,,,-,물이 얼면 분자들이 수소 결합 방향에 맞추어 육각형 격자로 배열돼요. 이 격자는 액체일 때보다 듬성듬성해서 부피가 늘고 밀도가 낮아져요. 그래서 얼음이 물 위에 뜨고 겨울 호수는 표면부터 얼어요.
,,,5,상,직접 입력,빈칸에 들어갈 알맞은 말을 쓰세요.,항상성,,,,,,,,"운동할 때 근육이 열을 내도 몸속의 물이 그 열을 흡수한다. 그래서 체온이 크게 오르지 않고 일정하게 유지되는데, 이처럼 몸이 안정된 상태를 지키는 성질을 ___이라고 한다.",물은 비열이 커서 열을 흡수해도 온도가 크게 오르지 않아요. 몸의 약 60퍼센트를 이루는 물이 근육에서 나온 열을 받아 줘요. 그래서 체온이 폭주하지 않고 항상성이 지켜져요.
,,,6,중,사지선다 (복수),물 분자 사이의 수소 결합에 대한 설명으로 옳은 것을 모두 고르세요.,2,4,한번 맺어진 수소 결합은 좀처럼 끊어지지 않고 그대로 유지된다,원자를 직접 이어 주는 공유 결합보다 훨씬 약한 인력이다,이웃한 두 물 분자의 산소끼리 전자를 함께 쓰면서 생긴다,한 물 분자는 평균적으로 여러 이웃 분자와 수소 결합을 맺는다,,,-,수소 결합은 공유 결합보다 훨씬 약한 인력이에요. 그래서 매우 짧은 시간 안에 끊어지고 다시 생겨요. 대신 한 분자가 여러 이웃과 결합을 맺어 물 전체가 촘촘하게 이어져요.
,,,7,중-상,순서배열,다음 문장은 나무 꼭대기까지 물이 올라가는 과정을 나타냅니다. 원인과 결과가 자연스럽게 이어지도록 배열하세요.,나-라-가-다,,물관 아래쪽의 물 분자들이 수소 결합으로 이어진 채 잇따라 끌려 올라간다,자이언트 세쿼이아의 잎에서 물이 수증기로 증발한다,물기둥이 끊기지 않고 이어져 100미터가 넘는 나무 꼭대기 가까이까지 물이 도달한다,증발로 생긴 끌어당기는 힘이 잎에 가장 가까운 물 분자를 위로 올린다,,,-,잎에서 물이 증발하면 물기둥을 위로 빨아올리는 증산력이 생겨요. 수소 결합으로 이어진 물 분자들이 끊기지 않고 잇따라 끌려 올라가요. 물관 벽에 들러붙는 힘까지 더해져 꼭대기 가까이까지 물기둥이 이어져요.
생명,7-2) 생명의 화학,D. 생체 거대 분자,1,하,인라인,다음은 탄수화물을 이루는 분자에 대한 설명입니다. 빈칸에 들어갈 말을 고르세요.,1,2,포도당/글리세롤/아미노산,녹말/셀룰로스/키틴,,,,,물속에서 대부분 고리 모양으로 존재하는 [1]은(는) 세포가 단계적으로 분해해 에너지를 얻는 단당류다. 이 단당류가 길게 이어지면 식물 세포벽의 단단한 구조를 이루는 [2]이(가) 된다.,"포도당은 물속에서 대부분 고리 모양으로 존재하는 단당류예요. 같은 포도당이라도 연결 방식에 따라 전혀 다른 물질이 되는데, 식물 세포벽을 이루는 셀룰로스가 그 예예요. 녹말도 포도당이 이어진 물질이지만 이쪽은 식물이 에너지를 저장하는 데 쓰인답니다."
,,,2,하,OX,시스형 불포화지방산이 많은 기름은 사슬이 곧게 뻗어 있어 상온에서 액체인 경우가 많다.,X,,O,X,,,,,-,시스형 불포화지방산은 사슬이 꺾여 있어요. 꺾인 사슬끼리는 촘촘히 모이기 어려워서 상온에서 액체인 경우가 많죠. 반대로 포화지방산이 많은 지방은 분자들이 비교적 촘촘히 모일 수 있어 고체인 경우가 많아요.
,,,3,중,사지선다 (단수),"효소는 특정 분자를 인식하고, 항체는 특정 항원에 결합합니다. 이런 일이 가능한 이유로 알맞은 것을 고르세요.",3,,모든 단백질이 똑같은 입체 구조로 접히기 때문이다,단백질마다 이를 이루는 원소의 종류가 서로 다르기 때문이다,단백질마다 아미노산의 순서가 달라 저마다 다른 입체 구조를 이루기 때문이다,단백질이 물에 녹지 않아 세포 안에서 한자리를 지키기 때문이다,,,-,"단백질의 기능은 입체 구조에서 나와요. 아미노산이 어떤 순서로 이어지느냐에 따라 접히는 모양이 달라지고, 그 모양에 꼭 맞는 상대만 인식할 수 있게 되죠. 반대로 구조가 잘못 형성되면 기능에도 문제가 생긴답니다."
,,,4,중-상,순서배열,다음 문장은 세포를 둘러싼 막이 형성되는 과정을 설명한 것입니다. 원인과 결과가 자연스럽게 이어지도록 문장을 배열하세요.,나-라-가-다,,인지질 이중층은 세포를 둘러싼 막의 기본 구조를 이룬다.,인지질은 물과 잘 어울리는 부분과 물을 피하려는 부분을 함께 가진다.,막이 경계가 되어 생명체는 안과 밖을 구분하고 물질의 출입을 조절한다.,물속에 놓인 인지질은 스스로 배열되어 이중층을 형성한다.,,,-,인지질은 물과 어울리는 부분과 물을 피하는 부분을 한 분자에 함께 가지고 있어요. 그래서 물속에 놓이면 스스로 이중층으로 배열되죠. 이 이중층이 세포막의 기본 구조가 되면서 안과 밖을 가르고 물질의 출입을 조절하는 경계가 생겨요.
,,,5,상,직접 입력,빈칸에 들어갈 알맞은 말을 쓰세요.,뉴클레오타이드,,,,,,,,"DNA와 RNA는 서로 다른 역할을 맡지만, 둘 다 같은 종류의 단위가 길게 이어진 분자다. 이 기본 단위를 _______(이)라고 한다.",DNA와 RNA는 모두 뉴클레오타이드가 길게 이어진 분자예요. 같은 단위를 쓰는데도 당의 구조에 작은 차이가 있어서 안정성과 역할이 크게 갈렸답니다.
,,,6,중,사지선다 (복수),단백질의 구조 단계에 대한 설명으로 옳은 것을 모두 고르세요.,2,4,여러 사슬이 모여 이룬 기능적 복합체를 3차 구조라고 한다,아미노산이 이어지는 순서를 1차 구조라고 한다,사슬 전체의 입체 모양을 2차 구조라고 한다,알파나선과 베타병풍 같은 국소적인 접힘을 2차 구조라고 한다,,,-,"아미노산의 순서가 1차 구조, 알파나선과 베타병풍 같은 국소적인 접힘이 2차 구조예요. 사슬 전체의 입체 모양은 3차 구조라고 하고, 여러 사슬이 모여 하나의 기능적 복합체를 이루면 4차 구조가 된답니다."
,,,7,중-상,순서배열,다음 문장은 DNA와 RNA의 역할이 갈라진 이유를 설명한 것입니다. 원인과 결과가 자연스럽게 이어지도록 문장을 배열하세요.,다-가-라-나,,2번 탄소 자리의 하이드록실기는 RNA를 DNA보다 가수분해되기 쉽게 만든다.,많은 생명체에서 DNA는 정보를 보존하고 RNA는 그 정보를 세포의 활동으로 이어 준다.,RNA를 이루는 당에는 2번 탄소 자리에 하이드록실기가 붙어 있다.,가수분해되기 쉬운 RNA보다 DNA가 유전정보를 오래 보존하는 데 유리하다.,,,-,"RNA와 DNA를 가르는 것은 당의 2번 탄소 자리 하나예요. RNA에는 하이드록실기가 있고 DNA에는 그 자리에 수소가 있죠. 이 작은 차이가 가수분해되기 쉬운 정도를 갈라놓았고, 결국 정보를 오래 보존하는 역할과 정보를 전달하는 역할로 나뉘게 했어요."
화학,7-2) 생명의 화학,E. 유기 화학,1,하,인라인,다음 빈칸에 들어갈 알맞은 말을 고르세요.,1,3,작용기/이성질체/탄화수소,카복실산/아민/알코올,,,,,유기 분자 안에서 특징적인 성질과 반응을 나타내는 원자들의 묶음을 [1](이)라고 한다. 예를 들어 하이드록시기(-OH)가 붙어 있는 분자는 [2]의 성질을 띨 수 있다.,"작용기는 유기 분자 안에서 특징적인 성질과 반응을 나타내는 원자들의 묶음이에요. 하이드록시기(-OH)가 붙으면 알코올의 성질이, 카복실기(-COOH)가 붙으면 카복실산의 성질이 나타날 수 있어요. 탄소 뼈대가 비슷해도 어떤 작용기가 붙느냐에 따라 분자의 성질이 달라진답니다."
,,,2,하,OX,프리드리히 뵐러가 무기 화합물에서 요소를 만든 실험으로 생기론은 즉시 사라졌다.,X,,O,X,,,,,-,"프리드리히 뵐러는 무기 화합물에서 출발해 요소를 만들었어요. 다만 이 실험 하나로 생기론이 즉시 사라진 것은 아니에요. 생명체 밖에서도 유기 화합물이 만들어질 수 있다는 것을 보여 준 상징적인 사건이었고, 유기물과 무기물을 가르던 경계는 그 뒤로 점차 달라졌어요."
,,,3,중,사지선다 (단수),분자식이 같은 두 물질이 몸속에서 서로 다른 작용을 나타내기도 합니다. 그 까닭으로 가장 알맞은 것은 무엇인가요?,2,,두 물질을 이루는 원소의 종류가 서로 다르기 때문이다.,단백질이 특정한 모양의 분자를 구별해 작용하기 때문이다.,몸속에서는 분자의 크기만이 흡수와 분포를 결정하기 때문이다.,원자의 배열이 달라지면 분자 안의 원자 수도 함께 달라지기 때문이다.,,,-,"단백질은 특정한 모양의 분자를 구별하고, 효소는 구조가 맞는 분자의 반응을 더 잘 촉진해요. 그래서 구성 원자가 전부 같아도 배열이 달라지면 냄새와 반응성, 생물학적 작용까지 달라질 수 있어요. 의약품을 다룰 때 입체적인 구조를 함께 따지는 이유랍니다."
,,,4,중-상,순서배열,다음 문장은 탄화수소의 상태가 달라지는 과정을 설명한 것입니다. 원인과 결과가 자연스럽게 이어지도록 문장을 배열하세요.,나-가-라-다,,긴 사슬을 가진 분자들 사이에 작용하는 인력이 커진다.,탄소와 수소만으로 이루어진 분자에서 탄소 사슬이 길어진다.,사슬이 긴 탄화수소는 액체나 고체 상태로 존재하는 경우가 많다.,탄화수소의 끓는점과 녹는점이 함께 높아진다.,,,-,"탄화수소는 탄소 사슬이 길어질수록 분자 간 인력이 커져 끓는점과 녹는점이 높아지는 경향이 있어요. 그래서 작은 탄화수소는 기체인 경우가 많고, 사슬이 길어지면 액체나 고체가 되는 경우가 많죠. 다만 사슬의 모양에 따라 이 경향은 다시 달라질 수 있어요."
,,,5,상,직접 입력,빈칸에 들어갈 알맞은 말을 쓰세요.,구조 이성질체,,,,,,,,분자식이 같은 두 분자라도 원자들이 연결된 순서가 다르면 성질이 서로 다른 물질이 된다. 이런 관계에 있는 분자들을 __ ____(이)라고 한다.,"원자의 연결 순서가 다르면 분자식이 같아도 구조 이성질체가 돼요. 구성 원자가 전부 같아도 배열이 달라지면 냄새와 반응성, 생물학적 작용까지 달라질 수 있어요."
,,,6,중,사지선다 (복수),작용기에 대한 설명으로 알맞은 것을 모두 고르세요.,2,4,아미노기는 알데하이드와 케톤에서 볼 수 있는 작용기다.,카복실기가 붙어 있는 분자는 카복실산의 성질을 띨 수 있다.,같은 작용기를 가진 분자들은 서로 전혀 다른 성질을 나타낸다.,카보닐기에 질소가 연결된 구조는 아마이드에서 볼 수 있다.,,,-,"같은 작용기는 서로 다른 분자에서도 비슷한 화학적 성질을 나타내는 경우가 많아요. 카복실기(-COOH)가 있으면 카복실산의 성질을 띠고, 카보닐기에 질소가 연결된 구조는 아마이드에서 볼 수 있죠. 알데하이드와 케톤에서 볼 수 있는 작용기는 아미노기가 아니라 카보닐기예요."
,,,7,중-상,순서배열,다음 문장은 탄소가 수많은 화합물을 이루게 되는 과정을 설명한 것입니다. 설명의 흐름에 맞게 문장을 배열하세요.,나-라-가-다,,"탄소 사슬에 수소와 산소, 질소 같은 원소가 붙어 서로 다른 분자가 생긴다.",탄소는 원자가 전자를 이용해 여러 종류의 원자와 공유 결합을 만든다.,탄소를 뼈대로 한 다양한 분자 가운데 일부가 생명의 화학을 이룬다.,탄소 원자끼리 서로 이어져 긴 사슬이나 고리 구조가 생긴다.,,,-,"탄소는 원자가 전자를 이용해 여러 원자와 공유 결합을 만들고, 탄소끼리도 강하게 결합해 사슬과 가지, 고리를 이뤄요. 그 뼈대에 수소와 산소, 질소 같은 원소가 어디에 붙느냐에 따라 전혀 다른 분자가 되죠. 이렇게 열린 거대한 가능성의 일부가 생명의 화학으로 이어졌어요."
화학,7-2) 생명의 화학,F. 생화학,1,하,인라인,세포 안에서 일어나는 화학 반응에 대한 설명입니다. 빈칸에 들어갈 알맞은 말을 고르세요.,2,3,반응 속도/활성화 에너지/자유 에너지,전자 운반체/세포막/효소,,,,,세포 안에서는 수많은 화학 반응이 동시에 이어진다. 특정 반응의 [1]을(를) 낮추어 그 반응이 쉽게 일어나게 하는 물질을 [2](이)라고 한다.,"효소는 특정 반응의 활성화 에너지를 낮춰 그 반응이 세포 안에서 빠르게 일어나게 해요. 반응 속도를 낮추는 것이 아니라, 넘어야 할 문턱을 낮춰 주는 역할이에요. 세포막은 물질의 출입을 조절하는 쪽을 맡는답니다."
,,,2,하,OX,"생명체 안에서 일어나는 반응은 시험관 속 반응과 달리 새로운 화학 법칙을 따르기 때문에, 생화학이라는 분야로 따로 구분해 다룬다.",X,,O,X,,,,,-,생화학이 흥미로운 이유는 새로운 법칙이 등장해서가 아니에요. 시험관에서 작동하던 바로 그 화학 법칙이 살아 있는 세포에서도 그대로 작동해요. 달라지는 것은 법칙이 아니라 반응이 일어나는 환경이랍니다.
,,,3,중,사지선다 (단수),포도당이 피루브산으로 바뀌는 과정은 한 번의 큰 반응이 아니라 여러 단계로 이어집니다. 이렇게 여러 단계로 나뉠 때 세포가 얻는 이점은 무엇인가요?,4,,모든 반응이 같은 속도로 진행되어 세포 안의 농도가 고정된다,포도당이 가진 에너지가 한 번에 모두 방출된다,포도당 한 분자에서 생기는 피루브산의 수가 단계마다 늘어난다,단계마다 다른 효소가 작용해 각 반응을 따로 조절할 수 있다,,,-,"여러 단계로 나뉘어 있으면 단계마다 다른 효소가 붙어 반응 하나하나를 따로 조절할 수 있어요. 어떤 단계에서는 ATP가 쓰이고, 다른 단계에서는 ATP가 만들어지기도 해요. 중간에 생긴 물질이 다른 대사 경로로 빠져나가 새로운 분자의 재료가 되기도 한답니다."
,,,4,중-상,순서배열,다음 문장은 우주의 원소가 생명의 화학적 흐름으로 이어지는 과정을 설명한 것입니다. 원인과 결과가 자연스럽게 이어지도록 배열하세요.,나-라-가-다,,여러 분자가 서로 반응하고 연결되어 화학적 네트워크를 이룬다,별에서 여러 종류의 원소가 생성된다,물질과 에너지와 정보의 흐름이 이어져 살아 있는 계가 나타난다,지구에서 원소들이 결합해 수많은 분자가 생성된다,,,-,"별에서 생성된 원소가 지구에서 수많은 분자가 되었어요. 그 분자들이 서로 반응하고 연결되면서 복잡한 화학적 네트워크를 이루었고요. 분자 하나만으로는 생명이 되지 않고, 물질과 에너지와 정보의 흐름이 이어질 때 비로소 살아 있는 계의 특징이 나타난답니다."
,,,5,상,직접 입력,빈칸에 들어갈 알맞은 말을 쓰세요.,정상 상태,,,,,,,,"살아 있는 세포는 열역학적 평형에 머물지 않는다. 외부와 물질과 에너지를 주고받으며 생성과 소비가 계속되는 가운데에도 전체 상태가 비교적 일정하게 유지되는데, 이러한 상태를 __ __(이)라고 한다.","정상 상태는 반응이 멈춘 평형과 달라요. 물질이 계속 들어오고 나가면서도 전체 상태가 일정한 범위에 머무는 것이지요. 생명은 멈춰 있어서 안정적인 것이 아니라, 흐름을 유지하기 때문에 살아 있답니다."
,,,6,중,사지선다 (복수),ATP에 대한 설명으로 옳은 것을 모두 고르세요.,1,3,에너지를 내놓는 반응과 에너지가 필요한 일을 연결해 준다,세포가 에너지를 오래 쌓아 두는 저장고 역할을 한다,세포 안에서 합성과 분해가 빠르게 반복된다,한순간 몸속에 존재하는 양이 하루 총량과 비슷하다,,,-,"ATP는 에너지를 오래 쌓아 두는 저장고가 아니라, 에너지를 내놓는 반응과 에너지가 필요한 일을 이어 주는 분자예요. 한순간 몸에 있는 양은 많지 않지만 합성과 분해가 빠르게 반복돼요. 그래서 하루 동안 합성되고 분해되는 총량이 체중에 가까운 수준으로 추정된답니다."
,,,7,중-상,순서배열,다음 문장은 세포가 대사 경로를 조절하는 과정을 설명한 것입니다. 원인과 결과가 자연스럽게 이어지도록 배열하세요.,다-가-라-나,,특정 반응을 촉진하는 효소의 활성이 달라진다,세포가 바뀐 조건에 맞는 상태로 대응한다,세포 안의 에너지가 부족해지거나 특정 물질의 양이 달라진다,대사 경로를 흐르는 물질의 양이 달라진다,,,-,"세포 안의 에너지 상태나 물질의 양이 달라지면 특정 효소의 활성이 바뀌어요. 효소가 각 반응을 촉진하기 때문에, 활성이 달라지면 대사 경로를 흐르는 물질의 양도 함께 달라지죠. 세포 안의 화학은 늘 같은 속도로 도는 기계가 아니라 서로 영향을 주고받는 움직이는 연결망에 가깝답니다."
생명,7-3) 세포,A. 생체막,1,하,인라인,다음 설명의 빈칸에 들어갈 말로 알맞은 것을 고르세요.,2,1,유동성/선택성/탄력성,막단백질/인지질/소수성 꼬리,,,,,"세포막은 필요한 물질만 골라 들이고 나머지 물질은 쉽게 통과하지 못하게 한다. 이러한 성질을 [1](이)라고 하며, 세포막에서 이 일을 맡는 것은 [2]이다.",세포막이 아무 물질이나 통과시킨다면 세포 내부의 화학 반응은 유지될 수 없어요. 그래서 필요한 것만 골라 들이는 선택성이 생명을 유지하는 조건이 돼요. 그 선별을 실제로 맡는 것은 막을 관통하거나 막 위에 박혀 있는 막단백질이랍니다.
,,,2,하,OX,과학자들은 생명이 심해 열수분출공에서 시작되었다는 하나의 답에 이미 도달했다.,X,,O,X,,,,,-,"생명이 정확히 어떻게 시작되었는지는 아직 과학이 풀지 못한 가장 큰 질문 중 하나예요. 어떤 과학자들은 심해 열수분출공을 유력한 후보로 보고, 또 어떤 과학자들은 얕은 연못이나 광물 표면의 반응에 주목해요. 아직 하나의 답으로 정리되지는 않았답니다."
,,,3,중,사지선다 (단수),1972년 싱어와 니콜슨이 제안한 유동 모자이크 모델은 세포막을 어떤 구조로 설명했나요?,3,,인지질이 한자리에 고정된 막에 단백질이 일정한 간격으로 붙은 구조,단백질이 두 겹의 인지질 사이를 가득 채워 막 전체를 단단하게 굳힌 구조,인지질이 막의 면을 따라 이동하고 그 막에 단백질이 곳곳에 박힌 구조,인지질 없이 단백질만으로 이루어져 물질이 자유롭게 드나드는 구조,,,-,"유동 모자이크 모델의 핵심은 두 가지예요. 세포막이 고정된 구조가 아니라 인지질이 막의 면을 따라 끊임없이 옆으로 이동하는 유동적인 막이라는 점이 하나예요. 그리고 그 막 위에, 또 막을 관통하여 단백질이 박혀 있다는 점이 나머지 하나랍니다."
,,,4,중-상,순서배열,다음 문장은 인지질 막 안에서 생명에 가까운 과정이 시작될 조건이 갖추어지는 과정입니다. 원인과 결과가 자연스럽게 이어지도록 배열하세요.,나-라-가-다,,막에 둘러싸인 공간 안에 분자들이 머물러 반응의 결과가 흩어지지 않는다.,평평하던 인지질 이중층이 물속에서 둥글게 말려 닫힌다.,반응이 이어지면서 자기복제처럼 생명에 가까운 과정이 나타날 가능성이 생긴다.,닫힌 막 안쪽에 물이 들어찬 작은 공간이 생긴다.,,,-,막이 둥글게 말려 닫히는 순간 안과 밖이 처음 나뉘어요. 그 안에 분자들이 갇혀야 반응의 결과가 흩어지지 않고 이어질 수 있어요. 생명의 기원을 설명하는 여러 시나리오에서 이 단계가 반복해서 등장한답니다.
,,,5,상,직접 입력,빈칸에 들어갈 알맞은 말을 쓰세요.,창발성,,,,,,,,"인지질도 막단백질도 그 자체로는 살아 있지 않다. 그런데 이 분자들이 특정한 방식으로 모여 안과 밖을 나누고 물질의 출입을 조절하면, 부분에는 없던 성질이 전체에서 나타난다. 이를 ___(이)라고 한다.","인지질도 막단백질도 그 자체로는 살아 있지 않아요. 그런데 이들이 모여 경계를 만들고 물질의 출입을 조절하면, 부분에는 없던 성질이 전체에서 나타나요. 이렇게 부분의 합을 넘어서는 성질이 나타나는 것을 창발성이라고 불러요."
,,,6,중,사지선다 (복수),세포막에 박힌 막단백질이 맡는 일로 알맞은 것을 모두 고르세요.,2,4,인지질 분자를 분해해 막의 두께를 얇게 줄인다,외부에서 온 신호를 인식하는 수용체로 작동한다,물과 닿는 면적을 넓혀 막이 펴진 상태를 유지한다,에너지를 써서 물질을 한쪽 방향으로 밀어낸다,,,-,"막단백질은 특정 물질이 드나드는 통로를 만들고, 외부 신호를 인식하는 수용체로도 작동해요. 에너지를 써서 물질을 한쪽 방향으로 밀어내는 펌프 역할을 하기도 하죠. 덕분에 세포막은 단순한 벽이 아니라 끊임없이 선별하고 소통하는 능동적인 경계가 돼요."
,,,7,중-상,순서배열,다음 문장은 물속에서 인지질이 스스로 질서 있게 배열되는 현상을 설명한 것입니다. 원인과 결과가 자연스럽게 이어지도록 배열하세요.,가-다-나-라,,물속에서 인지질의 소수성 꼬리들이 이중층 안쪽으로 모인다.,꼬리를 감싸던 물 분자들이 더 다양한 방식으로 움직일 수 있게 된다.,소수성 꼬리가 물과 맞닿는 면적이 줄어든다.,인지질의 배열은 물까지 포함한 전체로 보면 자연 법칙을 거스르는 일이 아니다.,,,-,"인지질만 보면 무질서가 커지는 방향과 반대로 가는 것처럼 보여요. 하지만 소수성 꼬리가 안쪽으로 모이면 물과 맞닿는 면적이 줄고, 그만큼 주변 물 분자들이 더 자유롭게 움직일 수 있어요. 물까지 포함한 전체로 보면 자연 법칙을 거스르는 일이 아니랍니다."
생명,7-3) 세포,B. 세포 구조,1,하,인라인,세포는 유전 정보를 보관하는 방식에 따라 두 종류로 나뉩니다. 빈칸에 들어갈 말을 각각 고르세요.,2,1,숙주세포/원핵세포/진핵세포,진핵세포/숙주세포/원핵세포,,,,,"세균과 고균의 세포에는 DNA를 감싸는 별도의 막이 없는데, 이런 세포를 [1](이)라고 한다. 반면 식물, 동물, 균류의 세포에서는 DNA가 막으로 둘러싸인 공간 안에 따로 보관되며, 이를 [2](이)라고 한다.","핵이 있느냐 없느냐가 두 세포를 가르는 기준이에요. 세균과 고균은 원핵세포이고, 식물·동물·균류는 진핵세포랍니다. DNA를 막 안에 따로 보관하면 유전 정보를 훨씬 정교하게 조절하고 보호할 수 있어요."
,,,2,하,OX,"린 마굴리스가 세포내공생설을 발표했을 때 과학계는 곧바로 이를 받아들였고, 이후 분자생물학 연구가 그 가설을 뒷받침했다.",X,,O,X,,,,,-,"발표 당시 여러 학술지가 게재를 거부할 만큼 과학계의 반응은 싸늘했어요. 세균이 다른 세포의 일부가 되었다는 생각이 너무 파격적이었거든요. 훗날 분자생물학이 발전하면서 마이토콘드리아와 엽록체의 DNA가 세균의 DNA와 매우 닮았다는 사실이 밝혀졌고, 지금은 진화생물학의 정설이 되었답니다."
,,,3,중,사지선다 (단수),진핵세포 안에서 단백질을 만드는 일을 맡은 세포소기관은 무엇인가요?,4,,골지체,라이소솜,소포체,라이보솜,,,-,"라이보솜은 단백질을 만드는 세포소기관이에요. 만들어진 물질을 가공하고 운반하는 일은 소포체와 골지체가 맡고, 낡거나 손상된 것을 분해해 재활용하는 일은 라이소솜이 맡아요. 진핵세포는 이렇게 역할을 나눈 세포소기관들로 이루어져 있답니다."
,,,4,중-상,순서배열,다음 문장은 세포내공생설이 설명하는 과정을 나타냅니다. 원인과 결과가 자연스럽게 이어지도록 문장을 배열하세요.,나-라-가-다,,숙주세포는 더 많은 에너지를 얻고 세균은 안정된 환경을 얻는다.,더 큰 세포가 주변에 있던 다른 세균을 집어삼킨다.,공생관계가 수많은 세대에 걸쳐 이어지면서 세균이 숙주세포의 일부가 된다.,삼켜진 세균이 소화되지 않고 숙주세포 안에서 살아남는다.,,,-,"삼켜진 세균이 소화되지 않고 살아남았기 때문에 공생이 시작될 수 있었어요. 숙주는 에너지를, 세균은 안정된 환경을 얻으면서 이 관계가 세대를 넘어 이어졌지요. 지금 우리 세포가 에너지를 만들 때마다 수십억 년 전 세균이 남긴 유산이 작동하고 있는 셈이에요."
,,,5,상,직접 입력,빈칸에 들어갈 알맞은 말을 쓰세요.,자가포식,,,,,,,,세포는 수명이 다한 단백질과 손상된 세포소기관을 분해해 그 재료를 다시 쓴다. 이러한 재활용 과정의 중요한 한 형태를 ____(이)라고 한다.,라이소솜이 맡는 재활용 과정의 중요한 한 형태가 자가포식이에요. 수명이 다한 단백질과 손상된 세포소기관을 분해해 그 재료를 다시 쓰는 과정이지요. 세포가 스스로를 정리하며 상태를 유지하는 방식이랍니다.
,,,6,중,사지선다 (복수),마이토콘드리아와 엽록체가 다른 세포소기관과 구별되는 특징을 모두 고르세요.,1,3,자신만의 DNA를 따로 가지고 있다.,핵 안에 있는 DNA만을 사용한다.,두 겹의 막으로 둘러싸여 있다.,막 없이 세포질에 흩어져 있다.,,,-,이 두 소기관만 자신의 DNA를 따로 가지고 두 겹의 막에 싸여 있어요. 한때 독립된 세균이 더 큰 세포 안으로 들어가 살아남았다는 세포내공생설을 뒷받침하는 특징이랍니다.
,,,7,중-상,순서배열,다음 문장은 우리 몸을 이루는 원소가 생명에 이르기까지의 과정을 나타냅니다. 원인과 결과가 자연스럽게 이어지도록 문장을 배열하세요.,다-가-라-나,,별이 수명을 다할 때 내부에서 합성된 원소들이 우주 공간에 흩뿌려진다.,탄소를 골격으로 삼는 최초의 세포가 지구에서 등장한다.,"탄소, 산소, 질소가 별의 핵 깊은 곳에서 핵융합으로 합성된다.",우주 공간에 흩어져 있던 원자들이 지구에 모여든다.,,,-,"탄소, 산소, 질소는 별의 핵 깊은 곳에서 핵융합으로 합성되었어요. 별이 생을 마치며 이 원소들을 우주로 흩뿌렸고, 약 46억 년 전 그 원자들이 지구에 모였지요. 우리 몸속 원자 하나하나가 한때는 어느 별의 일부였던 셈이에요."
생명,7-4) 에너지와 물질대사,A. ATP와 효소,1,하,인라인,다음은 세포에서 화학 반응이 빠르게 진행되는 이유를 설명한 것입니다. 빈칸에 들어갈 알맞은 말을 고르세요.,2,1,결합 에너지/활성화 에너지/자유 에너지,효소/ATP/기질,,,,,열역학적으로 유리한 반응이라도 반응물이 생성물로 바뀌려면 그 사이에 놓인 에너지 장벽을 넘어야 한다. 이 장벽의 높이를 [1](이)라고 한다. 세포는 [2]을(를) 이용해 더 낮은 장벽의 경로로 반응을 진행시킨다.,반응물이 생성물에 이르려면 넘어야 하는 에너지 장벽의 높이가 활성화 에너지예요. 효소는 이 장벽이 더 낮은 경로를 따라 반응이 진행되게 해요. 그래서 우리 몸은 약 36.5도라는 온화한 조건에서도 수많은 반응을 빠르게 이어 갈 수 있어요.
,,,2,하,OX,ATP가 가수분해될 때 자유 에너지가 방출되는 것은 인산 결합 안에 갇혀 있던 에너지가 풀려나기 때문이다.,X,,O,X,,,,,-,"'고에너지 인산 결합'이라는 말을 쓰지만, 에너지가 그 결합 안에 봉지처럼 갇혀 있다는 뜻은 아니에요. ATP와 물이 ADP와 무기 인산으로 바뀌면 생성물 쪽의 자유 에너지가 더 낮아져요. 그래서 반응 전체에서 자유 에너지가 방출되는 거예요."
,,,3,중,사지선다 (단수),효소가 있을 때 화학 반응에 나타나는 변화로 옳은 것은 무엇인가요?,4,,반응 전후의 자유 에너지 차이가 줄어 반응이 더 유리해진다.,평형의 위치가 생성물 쪽으로 옮겨져 생성물의 양이 늘어난다.,반응물이 다른 생성물로 바뀌어 반응의 목적지가 달라진다.,평형의 위치는 그대로이고 생성물에 도달하는 속도만 빨라진다.,,,-,"효소는 반응의 목적지를 바꾸지 않아요. 반응 전후의 자유 에너지 차이와 평형의 위치는 그대로 남아요. 바뀌는 것은 그곳에 도달하는 길이어서, 생성물에 이르는 속도만 훨씬 빨라져요."
,,,4,중-상,순서배열,다음 문장은 효소가 기질과 반응해 생성물을 내놓는 과정을 나타냅니다. 반응이 진행되는 순서대로 문장을 배열하세요.,다-가-라-나,,효소와 기질의 구조가 서로 영향을 주어 반응이 일어나기 좋은 상태가 만들어진다.,생성물이 활성부위에서 빠져나가고 효소는 다음 촉매 주기에 참여한다.,반응할 기질이 효소의 활성부위에 결합한다.,효소가 전이 상태를 안정화해 활성부위에서 반응이 진행된다.,,,-,효소의 촉매 작용은 하나의 주기로 돌아가요. 기질이 활성부위에 결합하면 효소와 기질의 구조가 서로 영향을 주며 반응하기 좋은 상태가 만들어져요. 반응이 끝나 생성물이 빠져나가면 효소는 그대로 다음 촉매 주기에 참여해요.
,,,5,상,직접 입력,빈칸에 들어갈 알맞은 말을 쓰세요.,리보자임,,,,,,,,"효소는 대부분 단백질로 이루어져 있다. 그러나 RNA로 이루어져 촉매 작용을 하는 것도 있는데, 이를 ____(이)라고 한다.","효소는 대부분 단백질이지만, RNA로 이루어진 리보자임도 있어요. 효소가 반드시 단백질이어야 하는 것은 아니라는 뜻이에요."
,,,6,중,사지선다 (복수),ATP에 대한 설명으로 옳은 것을 모두 고르세요.,1,3,아데노신 골격에 인산 세 개가 차례로 연결된 분자다.,에너지를 오래 쌓아 두는 세포의 저장고 역할을 한다.,하루 동안 합성되고 다시 쓰이는 총량이 성인의 몸무게에 가깝다.,반응 경로를 바꾸어 활성화 에너지를 낮추는 촉매로 작용한다.,,,-,"ATP는 아데노신이라는 골격에 인산 세 개가 차례로 연결된 분자예요. 한순간 몸속에 있는 양은 많지 않지만, 하루 동안 합성되고 다시 사용되는 총량은 성인의 몸무게에 가까운 수준으로 추정돼요. 에너지를 쌓아 두는 저장고가 아니라, 빠르게 만들어지고 쓰이며 에너지의 흐름을 이어 주는 분자예요."
,,,7,중-상,순서배열,다음 문장은 ATP 가수분해가 세포의 일과 연결되는 과정을 나타냅니다. 원인과 결과가 자연스럽게 이어지도록 문장을 배열하세요.,나-라-가-다,,혼자서는 잘 진행되지 않는 반응이 전체 과정 안에서 진행된다.,ATP가 물과 반응해 ADP와 무기 인산으로 가수분해된다.,세포에서 단백질이 합성되고 세포막을 사이에 두고 이온이 옮겨진다.,가수분해에서 나온 자유 에너지가 에너지를 필요로 하는 반응에 연결된다.,,,-,"ATP 가수분해에서 나온 자유 에너지는 그냥 흘러가지 않아요. 세포는 그 에너지를 에너지가 필요한 반응과 연결해서, 혼자서는 잘 진행되지 않는 반응까지 진행되게 해요. 단백질 합성이나 세포막을 넘는 이온 이동이 그렇게 이루어져요."
생명,7-4) 에너지와 물질대사,B. 광합성,1,하,인라인,광합성의 전체 반응식은 결과를 한 줄로 압축한 것입니다. 빈칸에 들어갈 알맞은 말을 고르세요.,2,1,이산화 탄소/물/포도당,이산화 탄소/물/산소,,,,,식물이 내놓는 산소는 [1]이(가) 분해되는 과정에서 나온다. 반면 포도당 같은 유기물의 탄소는 공기 중 [2]에서 온다.,"전체 반응식만 보면 산소가 이산화 탄소에서 떨어져 나온 것처럼 보여요. 하지만 식물이 내놓는 산소는 물이 분해될 때 생기고, 포도당 같은 유기물의 탄소는 공기 중 이산화 탄소에서 와요. 두 물질이 어디에서 오는지를 나눠서 기억하면 헷갈리지 않아요."
,,,2,하,OX,산소를 만드는 광합성이 등장하자 대기 중 산소도 곧바로 크게 늘어났다.,X,,O,X,,,,,-,"산소를 만드는 광합성이 등장한 뒤에도 산소는 한동안 바다와 암석의 물질과 반응하며 소비되었어요. 대기 중 산소가 크게 늘기 시작한 것은 약 24억 년 전부터이고, 이 변화를 대산소화 사건이라고 불러요."
,,,3,중,사지선다 (단수),캘빈회로에 대한 설명으로 옳은 것은 무엇인가요?,4,,빛에너지를 직접 흡수해 이산화 탄소의 탄소를 고정한다,물을 분해해 전자와 산소를 얻는 단계가 포함된다,포도당을 분해해 생명이 쓸 ATP를 얻는 과정이다,명반응의 산물인 ATP와 NADPH로 탄소를 고정한다,,,-,"캘빈회로에서는 빛이 직접 쓰이지 않아요. 명반응에서 만들어진 ATP가 에너지를 공급하고 NADPH가 고에너지 전자를 제공해, 공기 중 이산화 탄소의 탄소가 유기 분자 안으로 들어가죠. 한때 암반응으로 불렸지만 명반응의 산물에 의존하기 때문에 지금은 캘빈회로라는 이름을 주로 써요."
,,,4,중-상,순서배열,다음 문장은 명반응에서 ATP가 생성되는 과정을 설명한 것입니다. 원인과 결과가 자연스럽게 이어지도록 문장을 배열하세요.,나-라-가-다,,전자가 이동하며 얻은 에너지로 틸라코이드 내부에 양성자가 축적된다,엽록소가 특정 파장의 빛을 흡수하면 전자가 높은 에너지 상태에 놓인다,양성자가 ATP 합성효소를 통해 이동하는 흐름을 이용해 ATP가 생성된다,높은 에너지 상태의 전자가 광합성 전자전달계를 따라 이동한다,,,-,"엽록소가 빛을 흡수하면 전자가 높은 에너지 상태에 놓이고, 그 전자가 광합성 전자전달계를 따라 이동해요. 이동하면서 얻은 에너지로 틸라코이드 내부에 양성자가 쌓이고, 막 양쪽에 양성자 농도와 전하의 차이가 생기죠. 그 차이 덕분에 양성자가 ATP 합성효소를 통해 흐르고, 댐에서 흘러내리는 물이 터빈을 돌리듯 그 흐름으로 ATP가 만들어져요."
,,,5,상,직접 입력,빈칸에 들어갈 알맞은 말을 쓰세요.,루비스코,,,,,,,,캘빈회로는 이산화 탄소를 5탄소 화합물인 RuBP에 붙이는 반응으로 시작한다. 이 반응을 촉진하는 효소는 지구에서 가장 풍부한 단백질 가운데 하나로 알려져 있다. 이 효소를 ____(이)라고 한다.,루비스코는 이산화 탄소를 RuBP에 붙여 캘빈회로의 첫 단계를 여는 효소예요. 이 반응에 이어지는 여러 단계를 거치면 3탄소 화합물인 G3P가 만들어지죠. 루비스코는 지구에서 가장 풍부한 단백질 가운데 하나로 알려져 있어요.
,,,6,중,사지선다 (복수),광합성과 지구 생태계의 에너지 경로에 대한 설명으로 옳은 것을 모두 고르세요.,1,3,"광합성으로 산소를 내놓는 생물에는 식물과 조류, 남세균이 있다",에너지의 출발점을 거슬러 올라가면 지구의 모든 생태계가 광합성에 닿는다,깊은 바다의 열수분출공 주변에는 황화수소에서 에너지를 얻는 미생물이 산다,식물이 만든 유기물은 초식동물이 먹기 전까지 전혀 쓰이지 않는다,,,-,"광합성으로 산소를 내놓는 생물에는 식물뿐 아니라 조류와 남세균도 있어요. 깊은 바다의 열수분출공 주변에는 황화수소나 수소에서 화학 에너지를 얻는 미생물도 살아가죠. 지구의 모든 생태계가 햇빛에만 기대는 것은 아니어서, 대부분의 생태계가 그렇다고 말하는 편이 정확해요."
,,,7,중-상,순서배열,다음 문장은 태양빛에서 시작된 에너지가 생태계로 퍼지는 과정을 설명한 것입니다. 원인과 결과가 자연스럽게 이어지도록 문장을 배열하세요.,다-가-라-나,,식물이 빛에너지를 화학 에너지로 바꾸어 탄소를 유기물 안에 고정한다,포식자가 초식동물을 먹으면 물질과 에너지가 생태계 곳곳으로 퍼진다,태양에서 출발한 빛이 지구에 도착해 식물의 잎에 닿는다,초식동물이 식물을 먹으면 유기물의 물질과 에너지가 동물로 이어진다,,,-,"태양에서 출발한 빛이 잎에 닿아 화학 에너지로 바뀌면 탄소가 유기물 안에 고정돼요. 그 유기물을 초식동물이 먹고, 다시 포식자가 초식동물을 먹으면서 물질과 에너지가 생태계 곳곳으로 퍼지죠. 식탁 위 채소 한 잎이나 고기 한 점에 담긴 에너지를 거슬러 올라가면 많은 경우 광합성이 받아들인 태양빛과 만나요."
생명,7-4) 에너지와 물질대사,C. 세포호흡과 발효,1,하,인라인,다음은 세포호흡의 마지막 단계를 설명한 것입니다. 빈칸에 들어갈 말을 고르세요.,3,1,이산화 탄소/에탄올/산소,ATP/피루브산/NADH,,,,,"마이토콘드리아 내막의 전자전달계를 지나온 전자를 마지막에 받아들이는 물질은 [1]이다. 이 물질의 공급이 부족하면 전자의 흐름이 유지되기 어려워, 전자전달계를 통한 [2] 생산도 크게 줄어든다.","전자전달계의 끝에서 전자를 받아 주는 물질이 바로 산소예요. 산소가 전자를 받아 수소 이온과 함께 물이 되면서 전자의 흐름이 계속 이어질 수 있어요. 산소가 부족하면 이 흐름이 막히고, 전자전달계를 통한 ATP 생산도 크게 줄어들죠."
,,,2,하,OX,격렬한 운동을 한 다음 날 찾아오는 근육통은 근육에 남아 있는 젖산 때문에 생긴다.,X,,O,X,,,,,-,운동 다음 날의 근육통은 젖산이 남아 있어서 생기는 것이 아니에요. 익숙하지 않거나 강한 운동 뒤 근육과 주변 조직에 미세한 손상과 염증 반응이 나타나면서 생기는 지연성 근육통이에요. 젖산은 운동이 끝난 뒤 비교적 빠르게 처리돼요.
,,,3,중,사지선다 (단수),산소를 충분히 이용할 수 없는 상황에서 세포가 발효를 하는 까닭으로 가장 알맞은 것은 무엇인가요?,4,,피루브산을 마이토콘드리아 안으로 들여보내기 위해서,전자전달계를 한 번 더 거쳐 ATP를 많이 얻기 위해서,산소를 대신해 이산화 탄소가 전자를 받게 하기 위해서,NADH의 전자를 넘겨 NAD⁺를 재생하기 위해서,,,-,발효는 ATP를 더 만들어 주는 과정이 아니에요. NADH가 가진 전자를 다른 유기 분자에 넘겨 NAD⁺를 되살리는 것이 핵심이죠. 그래서 전자전달계를 충분히 이용하지 못하는 상황에서도 포도당이 분해되는 과정이 계속 이어질 수 있어요.
,,,4,중-상,순서배열,다음 문장은 피루브산이 세포호흡의 다음 단계로 이어지는 과정을 나타냅니다. 원인과 결과가 자연스럽게 이어지도록 문장을 배열하세요.,나-라-가-다,,아세틸조효소 A가 TCA 회로로 들어가면서 탄소가 이산화 탄소로 방출된다.,세포질에서 생성된 피루브산이 마이토콘드리아로 들어간다.,NADH와 FADH₂에 실린 전자가 마이토콘드리아 내막의 전자전달계로 전달된다.,마이토콘드리아로 들어온 피루브산이 아세틸조효소 A로 바뀐다.,,,-,"피루브산은 마이토콘드리아로 들어가서야 아세틸조효소 A로 바뀔 수 있어요. 이 물질이 TCA 회로로 들어가면 탄소는 이산화 탄소로 빠져나가고, 에너지를 가진 전자는 NADH와 FADH₂에 실리죠. 그 전자가 내막의 전자전달계로 전달되면서 다음 단계가 이어져요."
,,,5,상,직접 입력,빈칸에 들어갈 알맞은 말을 쓰세요.,해당과정,,,,,,,,"세포질에서 6탄소 분자인 포도당 하나가 두 개의 3탄소 분자로 분해된다. 이 과정에는 산소가 직접 필요하지 않아, 산소가 거의 없던 초기 지구에서도 가능했을 것으로 본다. 이러한 오래된 에너지 대사 방식을 ____(이)라고 한다.",포도당 한 분자가 두 분자의 피루브산으로 쪼개지는 이 단계는 세포질에서 일어나요. 산소가 직접 필요하지 않아 산소가 거의 없던 초기 지구에서도 가능했을 것으로 봐요. ATP 네 개가 만들어지지만 앞부분에서 두 개를 쓰기 때문에 순생산은 두 개예요.
,,,6,중,사지선다 (복수),세포호흡과 광합성의 관계에 대한 설명으로 옳은 것을 모두 고르세요.,2,3,세포호흡은 광합성 반응을 그대로 거꾸로 되돌리는 과정이다.,광합성과 세포호흡은 서로 다른 효소와 반응 경로를 거친다.,식물도 자신이 만든 유기물을 세포호흡으로 분해해 ATP를 얻는다.,세포호흡에서 나온 이산화 탄소와 물은 광합성에 이용되지 못한다.,,,-,"전체 반응식만 나란히 놓으면 두 과정이 서로 반대처럼 보이지만, 실제로는 서로 다른 효소와 반응 경로를 거쳐요. 식물도 자신이 광합성으로 만든 유기물을 세포호흡으로 분해해 필요한 ATP를 얻어요. 에너지는 한 방향으로 흐르지만 물질은 생태계 안을 순환하죠."
,,,7,중-상,순서배열,다음 문장은 마이토콘드리아 내막에서 ATP가 생성되는 과정을 나타냅니다. 원인과 결과가 자연스럽게 이어지도록 문장을 배열하세요.,가-라-나-다,,전자가 마이토콘드리아 내막의 단백질 복합체를 차례로 지나며 에너지를 내놓는다.,막사이공간에 많아진 수소 이온이 다시 기질 쪽으로 흐르려 한다.,기질 쪽으로 흐르는 수소 이온이 ATP 합성효소를 통과하며 ATP가 생성된다.,전자가 내놓은 에너지를 이용해 수소 이온이 기질에서 막사이공간으로 이동한다.,,,-,"전자가 내막의 단백질 복합체를 지나며 내놓은 에너지가 수소 이온을 막사이공간으로 밀어 올려요. 한쪽에 몰린 수소 이온은 다시 기질로 흐르려 하고, 그 통로에 있는 ATP 합성효소가 회전하면서 ATP가 생성돼요. 세포호흡에서 얻는 ATP의 대부분이 이 산화적 인산화로 만들어져요."
생명,7-5) 유전정보,A. DNA와 유전자,1,하,인라인,다음은 DNA 두 가닥의 염기가 짝을 이루는 방식을 설명한 것입니다. 빈칸에 알맞은 말을 고르세요.,2,1,무작위/상보적/독립적,수소 결합/이온 결합/공유 결합,,,,,"DNA의 두 가닥이 마주 보면 아데닌은 타이민과, 구아닌은 사이토신과 정해진 상대끼리 짝을 이룬다. 이러한 [1] 짝짓기는 분자의 구조와 [2] 방식이 맞물린 결과이다.","아데닌은 타이민과, 구아닌은 사이토신과만 짝을 이루는데 이를 상보적 짝짓기라고 해요. 이런 짝짓기가 가능한 것은 분자의 구조와 수소 결합 방식이 서로 맞물린 결과예요. 그래서 한쪽 가닥의 염기서열만 알아도 다른 쪽 가닥의 염기서열이 정해져요."
,,,2,하,OX,DNA를 이루는 원자 가운데 수소는 대부분 별의 역사 속에서 만들어졌다.,X,,O,X,,,,,-,"수소의 대부분은 빅뱅 이후 초기 우주에서 만들어졌어요. 별의 역사 속에서 만들어진 것은 탄소와 질소, 산소 같은 원소들이죠. 그래서 DNA는 우주가 만든 물질 위에 생명의 정보가 쓰인 분자라고 말할 수 있어요."
,,,3,중,사지선다 (단수),DNA의 모든 부분이 같은 일을 하지는 않습니다. 이 가운데 유전자에 해당하는 것은 무엇인가요?,3,,두 가닥이 풀릴 때 새로운 가닥의 주형이 되는 구간,네 종류의 염기가 순서대로 이어진 DNA의 모든 구간,단백질이나 기능성 RNA를 만드는 정보를 담은 구간,사람의 체세포마다 서로 다르게 들어 있는 구간,,,-,유전자는 DNA 가운데 단백질이나 기능을 가진 RNA를 만드는 데 필요한 정보를 담은 구간이에요. 사람의 유전체 한 세트에는 약 2만 개의 단백질 코딩 유전자가 있어요. DNA의 모든 구간이 유전자는 아니라는 점이 중요해요.
,,,4,중-상,순서배열,다음 문장은 DNA가 복제되는 과정을 나타냅니다. 원인과 결과가 자연스럽게 이어지도록 문장을 배열하세요.,다-가-라-나,,각 가닥의 염기서열이 새로운 가닥을 만드는 주형으로 쓰인다.,원래 가닥 하나와 새 가닥 하나를 가진 DNA 분자 두 개가 생성된다.,세포가 분열하기에 앞서 DNA 두 가닥이 서로 떨어져 풀린다.,DNA 중합효소가 주형에 맞는 뉴클레오타이드를 차례로 이어 붙인다.,,,-,이중 나선이 풀려 염기가 드러나야 각 가닥이 주형 역할을 할 수 있어요. 주형이 정해지면 DNA 중합효소가 거기에 맞는 뉴클레오타이드를 차례로 이어 붙이죠. 그래서 원래 가닥 하나와 새 가닥 하나를 가진 두 분자가 생겨요.
,,,5,상,직접 입력,빈칸에 들어갈 알맞은 말을 쓰세요.,반보존적 복제,,,,,,,,DNA가 복제되면 생겨난 두 분자에는 처음 가닥이 하나씩 그대로 남는다. 매슈 메셀슨과 프랭클린 스탈의 실험으로 확인된 이 복제 방식을 ____ __(이)라고 한다.,새로 생긴 두 DNA 분자에 처음 가닥이 하나씩 그대로 남기 때문에 반보존적 복제라고 불러요. 이 방식은 1958년 매슈 메셀슨과 프랭클린 스탈의 실험으로 확인되었어요. 제임스 왓슨과 프랜시스 크릭도 1953년 논문에서 염기 짝짓기가 복제 방식을 곧바로 시사한다고 짚었죠.
,,,6,중,사지선다 (복수),비암호화 DNA에 대해 지금까지 밝혀진 사실을 모두 고르세요.,2,4,어떤 영역이 어떤 역할을 하는지 모두 밝혀졌다.,일부는 유전자 발현을 조절하는 역할을 한다.,사람의 유전체에서 암호화 부분보다 적은 비율을 차지한다.,일부는 염색체의 구조와 안정성에 관여한다.,,,-,"일부 비암호화 DNA는 유전자 발현을 조절하거나 기능성 RNA의 정보를 담고, 염색체의 구조와 안정성에도 관여해요. 단백질의 아미노산서열을 직접 암호화하는 부분은 유전체의 약 1.5퍼센트뿐이라 비암호화 DNA가 오히려 대부분을 차지하죠. 다만 어떤 영역이 어떤 역할을 하는지는 아직 밝혀지지 않은 부분이 많아요."
,,,7,중-상,순서배열,다음 문장은 오늘날 사람의 유전체가 만들어져 온 과정을 나타냅니다. 원인과 결과가 자연스럽게 이어지도록 문장을 배열하세요.,나-라-가-다,,유성생식을 하는 생물에서 재조합으로 기존 변이가 새로운 조합을 이룬다.,DNA가 오랜 세월 복제를 거듭하며 다음 세대로 전달된다.,자연선택과 유전적 부동을 거치며 변이가 세대를 지나 남거나 사라진다.,복제 과정에서 돌연변이가 생겨 새로운 유전 변이가 나타난다.,,,-,"돌연변이는 DNA가 복제되는 과정에서 생기기 때문에, 복제가 먼저 일어나야 새로운 변이가 나타날 수 있어요. 재조합은 이미 생긴 기존 변이를 새로운 조합으로 섞는 과정이죠. 자연선택과 유전적 부동도 존재하는 변이에 작용하며, 오늘날 우리의 유전체는 그렇게 이어진 변화의 결과예요."
생명,7-5) 유전정보,B. 유전발현과 조절,1,하,인라인,세포는 같은 DNA를 두고도 어떤 유전자를 쓸지 정합니다. 다음 설명에 맞는 말을 각각 고르세요.,2,1,히스톤/전사인자/라이보솜,마이크로RNA/tRNA/mRNA,,,,,DNA의 특정 부위에 결합해 어떤 유전자의 전사를 잘 일어나게 하거나 억제하는 단백질을 [1](이)라고 한다. 또 이미 만들어진 mRNA에 달라붙어 번역을 막거나 그 분해를 이끄는 작은 RNA를 [2](이)라고 한다.,전사인자는 DNA에 직접 결합해 전사가 잘 일어나게 하거나 막는 단백질이에요. 마이크로RNA는 이미 만들어진 mRNA에 달라붙어 번역을 막거나 분해를 이끌어요. 조절이 DNA 단계와 RNA 단계 양쪽에서 일어난다는 점이 핵심이에요.
,,,2,하,OX,프랜시스 크릭이 제안한 중심원리는 생명 현상 전체를 빠짐없이 설명하는 법칙이다.,X,,O,X,,,,,-,"중심원리는 유전정보가 단백질로 이어지는 큰 방향을 한 줄로 압축한 설명이에요. 프랜시스 크릭이 이 흐름을 제안했지만, 모든 생명 현상을 빠짐없이 설명하는 문장은 아니에요. 생명이 정보를 사용하는 기본 흐름을 보여 주는 틀로 이해하면 좋아요."
,,,3,중,사지선다 (단수),RNA의 염기는 네 종류뿐이지만 단백질은 20가지 아미노산으로 이루어집니다. 네 종류의 염기로 20가지 아미노산을 구별할 수 있는 이유는 무엇인가요?,3,,염기 하나가 아미노산 하나를 가리키고 나머지는 tRNA가 직접 정하기 때문이다,염기를 두 개씩 묶어 16가지 조합을 만든 뒤 부족한 만큼 되풀이해 읽기 때문이다,염기를 세 개씩 묶으면 64가지 조합이 생겨 20가지를 구별하기에 충분하기 때문이다,라이보솜이 mRNA 대신 DNA를 직접 읽어 아미노산을 하나씩 지정하기 때문이다,,,-,"네 종류의 염기를 세 개씩 묶으면 4의 세제곱, 곧 64가지 조합이 생겨요. 20가지 아미노산을 구별하기에 넉넉한 수죠. 이 세 염기 묶음을 코돈이라고 불러요."
,,,4,중-상,순서배열,다음 문장은 DNA의 정보가 단백질로 이어지는 과정을 나타냅니다. 세포 안에서 일어나는 순서대로 문장을 배열하세요.,다-가-라-나,,단백질 정보를 옮겨 적은 mRNA가 세포질로 나와 라이보솜으로 향한다,차례로 연결된 아미노산 사슬이 접히면서 기능을 가진 단백질이 된다,핵 안에서 DNA 두 가닥 중 한쪽이 풀리고 그 서열을 바탕으로 RNA가 생성된다,코돈에 맞는 아미노산을 실은 tRNA가 들어와 아미노산이 차례로 연결된다,,,-,핵 안에서 DNA의 한 가닥이 풀리며 RNA가 생성되는 단계가 전사예요. 세포질로 나온 mRNA를 라이보솜이 코돈 단위로 읽으면 tRNA가 아미노산을 하나씩 가져와 사슬이 이어져요. 그 사슬이 접혀야 비로소 기능을 가진 단백질이 된답니다.
,,,5,상,직접 입력,빈칸에 들어갈 알맞은 말을 쓰세요.,트랜스포존,,,,,,,,유전체 안에는 위치를 옮기거나 복제되어 다른 자리에 들어갈 수 있는 DNA 조각이 있다. 유전자 근처에 끼어들어 그 유전자가 읽히는 정도를 바꾸기도 하는 이 조각을 _____(이)라고 한다.,"트랜스포존은 유전체 안에서 위치를 옮기거나 복제되어 다른 자리에 들어갈 수 있는 DNA 조각이에요. 유전자 근처에 끼어들면 그 유전자가 읽히는 정도가 달라지거나 돌연변이가 생길 수 있어요. 그래서 세포는 DNA 메틸화나 히스톤 변형, 작은 RNA 같은 장치로 그 활동을 억제해요."
,,,6,중,사지선다 (복수),후성유전적 표지에 대한 설명으로 옳은 것을 모두 고르세요.,2,4,표지에 담긴 정보가 코돈으로 읽혀 아미노산 서열에 그대로 반영된다,DNA 염기서열을 바꾸지 않으면서 유전자가 읽히는 정도를 바꾼다,표지가 붙은 유전자는 유전체에서 잘려 나가 완전히 사라진다,영양 상태나 세포가 받는 신호 같은 환경요인의 영향을 받을 수 있다,,,-,"후성유전적 표지는 염기서열을 그대로 둔 채 유전자가 읽히는 정도만 바꾸는 화학적 표시예요. 영양 상태나 독성 물질, 세포가 받는 신호 같은 환경요인이 이 표지에 영향을 줄 수 있어요. 유전자를 잘라 내거나 아미노산 서열을 바꾸는 일과는 다르다는 점을 기억해 주세요."
,,,7,중-상,순서배열,다음 문장은 진핵세포의 유전자가 더 쉽게 읽히게 되는 과정을 설명한 것입니다. 원인과 결과가 자연스럽게 이어지도록 문장을 배열하세요.,나-라-가-다,,화학적 표시가 붙은 구간에서 DNA의 감김이 느슨하게 풀린다,진핵세포의 DNA가 히스톤이라는 단백질에 감겨 정리된다,느슨하게 풀린 구간의 유전자는 비교적 쉽게 읽힌다,세포가 히스톤에 작은 화학적 표시를 붙인다,,,-,"진핵세포의 DNA는 히스톤이라는 단백질에 감겨 정리되어 있어요. 세포가 히스톤이나 DNA에 작은 화학적 표시를 붙이면 이 감김 상태가 달라져요. 느슨하게 풀린 구간은 비교적 쉽게 읽히고, 단단히 감긴 구간은 읽히기 어렵답니다."
생명,7-5) 유전정보,C. DNA 기술,1,하,인라인,사람이 DNA를 직접 옮기기 시작하면서 의약품을 만드는 방식도 달라졌습니다. 빈칸에 들어갈 말로 알맞은 것을 고르세요.,2,1,중합효소연쇄반응/유전자재조합기술/염기서열 분석 기술,돼지와 소의 이자/사람의 이자/대장균의 세포막,,,,,"서로 다른 기원의 DNA를 잘라 이어 붙인 분자를 세균의 플라스미드에 넣으면, 그 DNA가 세균 안에서 함께 복제된다. 이런 방식으로 DNA를 옮기는 기술을 [1](이)라고 한다. 이 기술로 생산한 인간 인슐린이 의약품으로 승인되기 전에는 주로 [2]에서 얻은 인슐린을 사용했다.","서로 다른 DNA를 이어 붙여 세균에 넣고 복제시키는 기술이 유전자재조합기술이에요. 1972년 폴 버그가 재조합 DNA 분자를 만들었고, 이듬해 스탠리 코헨과 허버트 보이어가 그 DNA를 플라스미드에 실어 대장균으로 옮겼죠. 이 기술로 만든 인간 인슐린이 1982년 의약품으로 승인되기 전에는 돼지와 소의 이자에서 얻은 인슐린을 썼어요."
,,,2,하,OX,체세포를 편집해 생긴 유전정보의 변화는 그 사람의 자손에게 그대로 전달된다.,X,,O,X,,,,,-,체세포를 편집한 변화는 그 사람의 몸에만 남고 자손에게 그대로 전달되지 않아요. 반면 생식세포나 배아를 편집하면 그 변화가 다음 세대로 이어질 수 있죠. 그래서 사람의 유전 가능한 유전자 편집은 여러 나라에서 금지되거나 엄격히 제한되어 있어요.
,,,3,중,사지선다 (단수),CRISPR-Cas9으로 지금까지와 다른 DNA 서열을 찾아 자르려고 합니다. 이때 바꾸어야 하는 것은 무엇인가요?,4,,Cas9 단백질을 다른 단백질로 바꾼다,표적 DNA를 열로 가열해 두 가닥으로 나눈다,세포에 넣는 플라스미드의 수를 늘린다,표적을 찾는 데 쓰이는 RNA의 서열을 바꾼다,,,-,"Cas9은 DNA를 자르는 역할을 맡고, 어디를 자를지는 함께 작동하는 RNA의 서열이 정해요. 그래서 RNA 서열만 바꾸면 같은 도구로 다른 표적을 찾아갈 수 있죠. 제니퍼 다우드나와 에마뉘엘 샤르팡티에 연구진이 이 원리를 보여 주었고, 두 사람은 2020년 노벨 화학상을 받았어요."
,,,4,중-상,순서배열,다음 문장은 PCR로 원하는 DNA 구간을 증폭하는 과정을 나타냅니다. 실험이 진행되는 순서대로 배열하세요.,나-라-가-다,,DNA 중합효소가 프라이머 사이의 구간을 복제한다.,두 가닥으로 이루어진 DNA를 가열해 단일 가닥으로 나눈다.,가열과 복제를 반복할 때마다 표적 DNA의 양이 늘어난다.,증폭하려는 구간의 양 끝에 프라이머가 결합한다.,,,-,"PCR은 가닥을 나누고, 프라이머를 붙이고, 중합효소가 그 사이를 복제하는 과정을 되풀이해요. 프라이머가 붙을 자리는 두 가닥이 나뉘어야 생기고, 중합효소는 프라이머가 붙은 지점부터 복제를 시작하죠. 이론적으로 매 주기 두 배씩 늘어난다면 30번 뒤에는 약 10억 배가 돼요."
,,,5,상,직접 입력,빈칸에 들어갈 알맞은 말을 쓰세요.,차세대 염기서열 분석,,,,,,,,새로운 분석 기술이 등장하면서 한 사람의 유전체를 읽는 데 드는 시간과 비용이 크게 줄었다. 국제 연구진이 10년 넘게 매달려야 했던 규모의 유전정보를 이제 며칠 안에 얻게 한 이 기술을 ___ ____ __ 기술이라고 한다.,"1990년에 시작된 인간 유전체 프로젝트는 국제 연구진이 10년 넘게 매달린 작업이었고, 미국 정부가 투입한 비용만 약 27억 달러였어요. 차세대 염기서열 분석 기술이 등장하면서 같은 규모의 정보를 며칠 안에 얻을 수 있게 되었죠. 읽는 속도가 달라지자 생명을 바라보는 해상도도 함께 달라졌어요."
,,,6,중,사지선다 (복수),PCR은 아주 적은 양의 DNA도 증폭할 수 있게 해 주었습니다. PCR 덕분에 가능해진 일을 모두 고르세요.,2,3,사람의 유전체 전체를 처음부터 끝까지 읽어 기준서열을 만드는 일,모근이 붙은 머리카락처럼 적은 시료로 친자 관계를 확인하는 일,바이러스의 RNA를 DNA로 바꾼 뒤 증폭해 감염 여부를 검사하는 일,세포 안의 특정 유전자를 찾아 잘라 내고 서열을 고쳐 쓰는 일,,,-,PCR은 아주 적은 양의 DNA도 분석할 수 있을 만큼 늘려 줘요. 그래서 모근이 붙은 머리카락이나 침 같은 적은 시료로도 친자 확인과 법의학 분석이 가능하죠. 코로나19 유행 때 쓰인 검사도 바이러스의 RNA를 DNA로 바꾼 뒤 증폭해 검출하는 방식이었어요. 유전체를 통째로 읽거나 유전자를 고쳐 쓰는 일은 다른 기술이 맡아요.
,,,7,중-상,순서배열,다음 문장은 일부 세균과 고균이 바이러스의 침입을 막아 내는 과정을 나타냅니다. 원인과 결과가 자연스럽게 이어지도록 배열하세요.,다-가-라-나,,침입한 바이러스 DNA의 일부가 세균의 CRISPR 배열에 저장된다.,정보가 일치하는 침입자의 유전물질을 세균이 공격한다.,바이러스가 세균 안으로 들어와 자신의 유전물질을 집어넣는다.,다시 들어온 바이러스의 유전물질이 CRISPR 배열의 정보와 대조된다.,,,-,"일부 세균과 고균은 침입한 바이러스 DNA의 일부를 CRISPR 배열에 기록해 둬요. 같은 바이러스가 다시 들어오면 그 기록과 대조해 침입자의 유전물질을 공격하죠. 이런 기능이 실제 바이러스 저항성에 관여한다는 사실은 2007년에 확인되었고, 이후 이 방어 체계는 원하는 DNA 서열을 찾아 자르는 도구로 바뀌었어요."
생명,7-6) 세포분열과 유전,A. 체세포분열,1,하,인라인,다음은 체세포가 분열을 준비하는 과정을 설명한 것입니다. 빈칸에 들어갈 말을 고르세요.,2,1,분해/복제/변형,염색분체/염색질/세포판,,,,,"세포는 DNA를 그대로 반으로 자르지 않고, 분열 전에 자신의 DNA를 한 벌 더 [1]한다. 그래서 각 염색체는 서로 같은 두 개의 [2](으)로 이루어진다.","세포는 DNA를 반으로 자르는 대신 한 벌 더 복제해요. 복제가 끝나면 염색체 하나가 서로 같은 두 염색분체로 이루어져요. 사람의 체세포에서 염색체 수는 46개 그대로지만 염색분체는 92개가 되고, 이 복제본이 정확히 나뉘어야 두 딸세포가 각각 46개의 염색체를 받을 수 있어요."
,,,2,하,OX,체세포분열은 한 개체 안에서 새로운 유전정보의 조합을 만들어 내는 과정이다.,X,,O,X,,,,,-,"체세포분열은 새로운 조합을 만드는 과정이 아니에요. 이미 가진 정보를 가능한 한 충실하게 다음 세포로 이어 주는 과정이라서, 분열을 마친 두 딸세포는 대체로 모세포와 같은 유전정보를 물려받아요. 우리가 성장하고 상처를 회복할 수 있는 것도 같은 정보가 새 세포로 이어지기 때문이에요."
,,,3,중,사지선다 (단수),식물세포는 분열의 마지막 단계에서 어떤 방식으로 둘로 나뉘나요?,3,,세포막이 가운데로 오므라들며 하나의 세포가 둘로 갈라진다,세포벽이 녹아 사라진 자리에서 두 딸세포가 떨어져 나온다,가운데에 생긴 세포판이 바깥쪽으로 자라 세포막과 이어진다,염색체가 응축되지 않은 상태로 세포질만 둘로 나뉜다,,,-,"동물세포는 세포막이 가운데로 오므라들며 둘로 갈라져요. 하지만 단단한 세포벽이 있는 식물세포에서는 가운데에 세포판이 생기고, 이 세포판이 바깥쪽으로 자라 세포막과 이어지면서 두 딸세포 사이의 새로운 경계를 만들어요. 나누는 방식은 달라도 복제된 염색체를 두 딸세포에 나누어 주는 원리는 같답니다."
,,,4,중-상,순서배열,다음 문장은 체세포분열이 진행되는 과정을 나타냅니다. 원인과 결과가 자연스럽게 이어지도록 문장을 배열하세요.,다-가-라-나,,세포 양쪽에서 뻗은 미세소관이 세포 중앙에 늘어선 염색체에 연결된다,세포질이 나뉘면서 하나의 세포가 두 개의 딸세포가 된다,느슨한 염색질 상태의 DNA가 굵고 짧은 염색체로 응축된다,복제된 두 염색분체가 서로 반대쪽으로 갈라진다,,,-,느슨하게 풀려 있던 염색질이 굵고 짧은 염색체로 응축되어야 미세소관이 붙잡을 개별 염색체가 생겨요. 미세소관이 제대로 연결되어야 복제된 두 염색분체를 서로 반대쪽으로 갈라놓을 수 있고요. 염색체가 양쪽으로 나뉜 뒤에 세포질이 나뉘어야 두 딸세포가 각각 온전한 유전정보를 갖게 돼요.
,,,5,상,직접 입력,빈칸에 들어갈 알맞은 말을 쓰세요.,텔로미어,,,,,,,,"염색체 끝에는 같은 서열이 여러 번 되풀이되는 구간이 있다. 이 구간은 염색체 끝이 손상되거나 서로 붙는 것을 막는데, 이를 ____(이)라고 한다.","텔로미어는 염색체 끝을 보호하는 반복 서열이에요. 많은 체세포에서는 분열이 반복될수록 텔로미어가 짧아지고, 지나치게 짧아지면 세포는 더 이상 분열하지 않거나 기능이 달라질 수 있어요. 다만 텔로미어 단축이 개체의 노화 전체를 혼자 결정하는 시계는 아니에요."
,,,6,중,사지선다 (복수),몸속 세포의 분열과 교체에 대한 설명으로 옳은 것을 모두 고르세요.,1,4,장의 안쪽을 덮는 세포처럼 자주 손상되는 세포는 빠르게 교체된다,몸의 모든 세포가 똑같은 속도로 분열해야 몸의 형태가 유지된다,피부와 혈액은 줄기세포 없이 성숙한 세포끼리 나뉘어 보충된다,성숙한 신경세포나 심장근육세포는 분열 능력이 매우 제한적이다,,,-,"같은 몸 안에서도 조직마다 교체 속도가 달라요. 자주 손상되는 장의 안쪽 세포는 빠르게 교체되고, 피부와 혈액은 줄기세포에서 생성된 새로운 세포로 보충돼요. 반면 성숙한 신경세포나 심장근육세포는 분열 능력이 매우 제한적이에요. 몸의 형태가 유지되는 것은 모든 세포가 똑같이 분열해서가 아니라, 조직마다 필요한 속도로 분열과 교체가 조절되기 때문이에요."
,,,7,중-상,순서배열,다음 문장은 세포가 손상을 확인하고 대응하는 과정을 나타냅니다. 원인과 결과가 자연스럽게 이어지도록 문장을 배열하세요.,나-라-다-가,,손상을 고치기 어려우면 세포자살이 일어나 문제가 있는 세포의 증식이 차단된다,세포는 세포주기의 주요 지점에서 DNA 복제가 제대로 끝났는지 확인한다,세포주기가 멈춘 동안 세포는 손상된 부분을 수리하려고 시도한다,복제나 염색체 연결에서 문제가 발견되면 세포주기의 진행이 늦춰지거나 멈춘다,,,-,"세포주기의 주요 지점에서 확인이 이루어져야 문제를 발견할 수 있어요. 문제가 발견되어야 진행을 늦추거나 멈출 이유가 생기고, 진행이 멈춰야 손상을 수리할 시간이 확보돼요. 수리를 시도해 봐야 고치기 어려운 손상인지 판정되고, 그때 세포자살로 문제가 있는 세포의 증식을 막아요."
생명,7-6) 세포분열과 유전,B. 감수분열,1,하,인라인,다음은 감수분열의 두 단계에서 일어나는 일을 설명한 것입니다. 빈칸에 들어갈 알맞은 말을 고르세요.,2,3,자매 염색분체/상동염색체/교차점,극체/상동염색체/자매 염색분체,,,,,"감수 1분열에서는 같은 번호끼리 짝을 이룬 [1](이)가 서로 다른 세포로 갈라진다. 이어지는 감수 2분열에서는 복제되어 붙어 있던 [2](이)가 갈라지는데, 이 과정은 체세포분열과 비슷하다.","감수 1분열에서는 같은 번호끼리 짝을 이룬 상동염색체가 서로 다른 세포로 갈라져요. 이때 염색체 수가 46개에서 23개로 줄어 이미 반수체가 된답니다. 감수 2분열에서는 복제되어 붙어 있던 자매 염색분체가 갈라지지만, 염색체 수는 더 줄지 않아요."
,,,2,하,OX,"감수분열에서는 DNA가 두 번 복제되고 세포도 두 번 나뉘어, 최종적으로 네 개의 세포가 생성된다.",X,,O,X,,,,,-,"감수분열에서 DNA는 한 번만 복제돼요. 그 뒤 세포가 두 번 연달아 나뉘기 때문에 네 개의 세포가 생성된답니다. 복제는 한 번, 분열은 두 번이라는 점이 체세포분열과 다른 큰 특징이에요."
,,,3,중,사지선다 (단수),감수 1분열 초기에 나란히 붙은 상동염색체 사이에서 염색분체의 일부 구간이 맞바뀝니다. 이때 일어나는 일로 옳은 것은 무엇인가요?,4,,상동염색체 쌍이 서로 다른 세포로 갈라진다,붙어 있던 자매 염색분체가 서로 분리된다,염색체가 하나 많거나 적은 생식세포가 생성된다,한 염색체 안에 어머니 쪽과 아버지 쪽 정보가 함께 놓인다,,,-,교차는 어머니 쪽 염색체와 아버지 쪽 상동염색체가 나란히 붙어 일부 구간을 맞바꾸는 일이에요. 그래서 염색체 하나 안에 양쪽 정보가 함께 놓이게 된답니다. 사람의 감수분열 한 번에 교차는 수십 곳에서 일어나는 것으로 관찰돼요.
,,,4,중-상,순서배열,다음 문장은 감수분열의 오류가 염색체 수가 다른 개체로 이어지는 과정입니다. 원인과 결과가 자연스럽게 이어지도록 배열하세요.,나-가-라-다,,염색체가 하나 많거나 적은 생식세포가 생성된다,감수분열에서 상동염색체나 염색분체가 제대로 갈라지지 않는다,21번 염색체가 세 개인 다운증후군처럼 염색체 수가 다른 개체가 태어난다,염색체 수가 다른 생식세포가 정상 생식세포와 수정된다,,,-,"감수분열에서 상동염색체나 염색분체가 제대로 갈라지지 않는 것을 염색체비분리현상이라고 해요. 그러면 염색체가 하나 많거나 적은 생식세포가 생기고, 그 생식세포가 수정되면 염색체 수가 정상과 다른 개체가 된답니다. 21번 염색체가 세 개인 다운증후군이 그런 경우예요."
,,,5,상,직접 입력,빈칸에 들어갈 알맞은 말을 쓰세요.,독립 분배,,,,,,,,"감수 1분열에서 상동염색체 쌍이 갈라질 때, 어머니 쪽과 아버지 쪽 가운데 어느 것이 어느 세포로 갈지는 쌍마다 따로 정해진다. 사람은 23쌍이 각각 두 가지 경우를 가지므로 약 838만 가지 조합이 생기며, 이러한 방식을 __ __(이)라고 한다.","독립 분배는 상동염색체 쌍마다 어느 쪽이 어느 세포로 갈지가 따로 정해지는 것을 말해요. 사람은 23쌍이 각각 두 가지 경우를 가지므로 2의 23제곱, 약 838만 가지 조합이 생긴답니다. 여기에 교차로 만들어지는 조합까지 더해지면 다양성은 훨씬 커져요."
,,,6,중,사지선다 (복수),감수분열이 유성생식에서 하는 일로 옳은 것을 모두 고르세요.,1,3,이미 있는 변이를 세대마다 새로운 조합으로 배열한다,어버이의 유전정보를 그대로 복제해 자손에게 전달한다,생식세포에 어버이 유전정보의 절반만 담기게 한다,집단에 없던 변이를 새로 만들어 공급한다,,,-,"감수분열은 유전정보를 절반만 담은 생식세포를 만들고, 그 과정에서 변이를 새로운 조합으로 배열해요. 없던 변이를 새로 만드는 일은 돌연변이가 맡는답니다. 이 둘이 함께 작동해 진화의 재료가 마련돼요."
,,,7,중-상,순서배열,다음 문장은 감수분열이 만든 유전적 다양성이 집단의 변화로 이어지는 과정을 설명한 것입니다. 원인과 결과가 자연스럽게 이어지도록 배열하세요.,가-다-라-나,,감수분열로 유전자 조합이 서로 다른 생식세포가 여러 가지 생성된다,살아남는 정도의 차이가 여러 세대에 걸쳐 쌓여 집단의 유전변이 비율이 달라진다,조합이 서로 다른 정자와 난자가 만나 유전정보가 저마다 다른 개체가 태어난다,환경이 달라지면 여러 변이 가운데 일부가 새로운 조건에서 살아남아 번식한다,,,-,감수분열이 만든 다양한 조합이 수정으로 만나면 유전정보가 저마다 다른 개체가 태어나요. 자연선택이 작동하려면 먼저 이런 차이가 있어야 한답니다. 한 세대의 차이는 작지만 여러 세대에 걸쳐 쌓이면 집단의 유전변이 비율이 달라져요.
생명,7-6) 세포분열과 유전,C. 유전 패턴,1,하,인라인,다음은 유전 현상을 설명할 때 쓰는 두 가지 용어입니다. 빈칸에 들어갈 알맞은 말을 고르세요.,1,2,표현형/순종/유전변이,연관/유전자형/형질,,,,,완두의 둥근 씨와 주름진 씨처럼 겉으로 드러나는 형질을 [1](이)라고 한다. 이와 달리 개체가 부모에게서 하나씩 받아 지니는 대립유전자의 조합은 [2](이)라고 부른다.,"겉으로 드러나는 모습이 표현형이고, 그 모습을 만들어 내는 대립유전자의 조합이 유전자형이에요. 잡종끼리 교배한 다음 세대에서 표현형의 비는 3:1이지만 유전자형의 비는 1:2:1로 나뉘어요. 그래서 표현형이 같아도 유전자형은 다를 수 있답니다."
,,,2,하,OX,사람의 키처럼 여러 유전자가 함께 영향을 주는 형질은 자손에서 몇 가지 뚜렷한 범주로 나뉘어 나타난다.,X,,O,X,,,,,-,"키나 피부색처럼 여러 유전자가 함께 영향을 주는 형질은 몇 가지 범주로 딱 나뉘지 않아요. 사람의 키에는 수천 개에 이르는 유전변이가 관여하고, 영양과 건강 상태 같은 환경도 함께 작용해요. 그래서 이런 형질은 연속적인 차이로 나타난답니다."
,,,3,중,사지선다 (단수),그레고어 멘델은 완두의 씨 모양과 색깔을 함께 추적했습니다. 두 번째 세대에서 네 가지 조합이 약 9:3:3:1로 나타난 결과가 뜻하는 것은 무엇인가요?,4,,두 형질의 유전자가 같은 염색체에 가까이 붙어 함께 전달된다.,두 형질이 물감처럼 섞여 자손에서 중간 형질로 나타난다.,두 형질 가운데 한쪽 형질이 다른 쪽 형질을 완전히 가린다.,두 형질의 대립유전자가 서로 영향을 주지 않고 생식세포에 들어간다.,,,-,씨 모양과 색깔을 함께 살펴보니 두 번째 세대에서 네 가지 조합이 약 9:3:3:1로 나타났어요. 서로 다른 유전자 쌍의 대립유전자가 생식세포로 들어갈 때 서로 영향을 주지 않고 조합된다는 뜻이에요. 이 규칙을 독립의 법칙이라고 불러요.
,,,4,중-상,순서배열,다음 문장은 자손 세대에서 형질의 비율이 정해지는 과정을 설명한 것입니다. 원인과 결과가 자연스럽게 이어지도록 배열하세요.,나-라-가-다,,수정으로 암수 생식세포가 만나면서 대립유전자가 다시 한 쌍을 이룬다.,개체는 한 형질에 관한 대립유전자를 부모에게서 하나씩 받아 한 쌍으로 지닌다.,자손 세대에서 겉으로 드러나는 형질이 일정한 비율로 나뉘어 나타난다.,생식세포가 생성될 때 한 쌍의 대립유전자가 하나씩 갈라져 들어간다.,,,-,"한 쌍으로 지닌 대립유전자가 생식세포를 만들 때 하나씩 갈라지는 것이 분리의 법칙이에요. 갈라진 대립유전자는 수정에서 다시 짝을 이루고, 그 짝에 따라 자손의 형질이 정해져요. 그레고어 멘델이 본 3:1이라는 숫자의 의미가 바로 이것이었어요."
,,,5,상,직접 입력,빈칸에 들어갈 알맞은 말을 쓰세요.,불완전우성,,,,,,,,분꽃에서 빨간 꽃과 흰 꽃을 교배하면 자손에서 분홍 꽃이 나타난다. 두 대립유전자 가운데 어느 쪽도 상대를 가리지 못해 중간 형질이 드러나는 이러한 경우를 _____(이)라고 한다.,분꽃의 분홍 꽃처럼 어느 대립유전자도 상대를 완전히 가리지 못하는 경우를 불완전우성이라고 해요. 완두의 씨 모양처럼 3:1로 딱 나뉘지 않고 중간 형질이 나타나죠. 그레고어 멘델이 완두에서 찾은 법칙만으로는 설명되지 않는 유전 방식이에요.
,,,6,중,사지선다 (복수),X염색체의 열성 대립유전자와 관련된 형질에 대한 설명으로 옳은 것을 모두 고르세요.,3,4,여성보다 남성에게서 더 드물게 나타나는 경향이 있다.,하나의 유전자에 세 종류 이상의 대립유전자가 있어 나타난다.,남성은 X염색체를 하나만 가져 그 대립유전자의 영향을 받는다.,적록색맹과 혈우병이 대표적인 사례에 해당한다.,,,-,"여성은 보통 X염색체를 두 개 가지고, 남성은 X염색체와 Y염색체를 하나씩 가져요. 남성은 X염색체가 하나뿐이라 그 위에 있는 열성 대립유전자의 영향을 그대로 받아요. 적록색맹이나 혈우병이 남성에게서 더 흔하게 나타나는 이유예요."
,,,7,중-상,순서배열,다음 문장은 그레고어 멘델이 완두로 진행한 교배 실험의 과정입니다. 실험이 진행되는 순서대로 배열하세요.,다-가-라-나,,교배로 얻은 첫 자손이 모두 둥근 씨로 나타난다.,두 번째 자손에서 둥근 씨와 주름진 씨가 약 3:1로 나타난다.,순종 둥근 씨 완두와 순종 주름진 씨 완두를 교배한다.,둥근 씨로 나타난 첫 자손끼리 서로 교배한다.,,,-,그레고어 멘델은 순종끼리 교배해 얻은 첫 자손이 모두 둥근 씨인 것을 확인했어요. 그 자손끼리 다시 교배하자 사라진 듯했던 주름진 씨가 약 3:1의 비로 다시 나타났죠. 이 숫자에서 형질을 결정하는 것이 낱개의 단위로 전달된다는 규칙을 찾아냈어요.
생명,7-7) 진화,A. 진화의 힘,1,하,인라인,다음은 생물의 유전적 구성이 달라지는 과정을 설명한 것입니다. 빈칸에 들어갈 말을 고르세요.,2,1,세포/집단/유전자,진화/적응/성선택,,,,,생물은 살아가는 동안 스스로 유전적 구성을 바꾸지 않는다. 세대를 거치며 유전적 구성이 달라지는 것은 개체 하나가 아니라 [1](이)다. 이렇게 쌓이는 변화를 [2](이)라고 한다.,"진화는 개체 하나에게 일어나는 변화가 아니에요. 세대를 거치며 집단의 유전적 구성이 달라지는 과정이랍니다. 세균 한 마리는 진화하지 않고, 진화하는 것은 세균 집단이에요."
,,,2,하,OX,"한 집단의 개체가 다른 집단으로 이동해 번식하더라도, 그 개체가 지닌 대립유전자는 새 집단의 유전적 구성에 영향을 주지 않는다.",X,,O,X,,,,,-,집단 사이의 이동도 유전적 구성을 바꾸는 힘이에요. 개체가 다른 집단으로 옮겨 가 번식하면 그 개체가 지닌 대립유전자도 함께 들어오죠. 이렇게 유전적 구성이 달라지는 것을 유전자흐름이라고 불러요.
,,,3,중,사지선다 (단수),"재난으로 집단의 크기가 급격히 줄어든 뒤, 살아남은 소수의 개체가 지닌 변이가 집단 전체에 크게 퍼졌습니다. 이 변이가 생존에 특별히 유리하지 않았다면, 이러한 변화를 일으킨 힘은 무엇인가요?",3,,돌연변이,유전자흐름,유전적 부동,자연선택,,,-,"유전적 부동은 유리하고 불리한 것과 관계없이 우연 때문에 변이의 비율이 달라지는 현상이에요. 특히 작은 집단에서 영향이 크답니다. 재난으로 집단이 급격히 줄거나 소수의 개체가 새 지역에 정착하면, 남은 개체들이 지닌 변이가 집단에 크게 퍼질 수 있어요."
,,,4,중-상,순서배열,다음 문장은 집단에 새로운 유전변이가 생기는 과정을 나타냅니다. 원인과 결과가 자연스럽게 이어지도록 배열하세요.,나-라-가-다,,염기서열의 변화가 다음 세대로 전달되어 집단의 새로운 유전변이가 된다.,DNA가 복제되는 동안 오류가 생기거나 DNA가 손상된다.,새로 생긴 유전변이가 세대를 거치며 집단에서 사라지거나 퍼진다.,고쳐지지 않은 오류나 손상이 그대로 남아 염기서열에 변화가 생긴다.,,,-,"새로운 유전변이는 돌연변이에서 시작돼요. DNA 복제 과정의 오류나 손상이 그대로 남으면 염기서열이 달라지고, 그 변화가 다음 세대로 전달되면 집단의 새로운 변이가 되죠. 대부분은 큰 영향을 주지 않지만 일부는 세대를 거치며 사라지거나 퍼진답니다."
,,,5,상,직접 입력,빈칸에 들어갈 알맞은 말을 쓰세요.,현대 종합설,,,,,,,,"자연선택과 멘델의 유전학, 그리고 집단 안에서 유전변이가 어떻게 변하는지를 다루는 수학이 1930~1940년대에 하나의 틀로 합쳐졌다. 이 틀을 __ ___(이)라고 한다.",다윈은 변이가 어떤 방식으로 자손에게 전달되는지를 풀지 못했어요. 그 답의 한 축을 찾고 있던 멘델의 유전학이 자연선택과 하나로 이어지기까지는 반세기가 걸렸죠. 이렇게 합쳐진 틀이 현대 종합설이에요.
,,,6,중,사지선다 (복수),자연선택에 대한 설명으로 옳은 것을 모두 고르세요.,2,4,자연선택은 집단에서 가장 강한 개체를 남기는 과정이다.,환경이 달라지면 한때 유리했던 형질이 불리해질 수 있다.,자연선택으로 일어나는 진화는 언제나 적응으로 이어진다.,번식 성공의 차이에서 작용하는 성선택도 자연선택의 한 형태다.,,,-,"자연선택에서 중요한 것은 강함이 아니에요. 주어진 환경에서 어떤 형질이 생존과 번식에 영향을 주는지가 중요할 뿐이라, 환경이 달라지면 한때 유리했던 형질이 불리해지기도 하죠. 짝을 얻는 성공의 차이에서 작용하는 성선택도 자연선택의 한 형태이고, 진화가 언제나 적응으로 이어지는 것도 아니랍니다."
,,,7,중-상,순서배열,다음 문장은 세균 집단에서 항생제 내성이 퍼지는 과정을 나타냅니다. 원인과 결과가 자연스럽게 이어지도록 배열하세요.,다-라-가-나,,살아남은 세균이 증식하면서 집단에서 내성 변이의 비율이 높아진다.,여러 항생제가 잘 듣지 않는 세균 감염을 어렵지 않게 만나게 된다.,세균 집단 안에 항생제를 견딜 수 있는 변이를 가진 개체가 존재한다.,항생제가 있는 환경에서 내성 변이를 가진 세균이 상대적으로 더 많이 살아남는다.,,,-,세균이 약을 견디는 법을 배운 것이 아니에요. 집단에 이미 있거나 새로 생긴 변이 가운데 항생제를 견디는 변이를 가진 세균이 더 많이 살아남아 증식한 것이죠. 항생제를 쓰는 동안 그 변이의 비율이 점점 높아지면서 메티실린 내성 황색포도알균 같은 세균을 만나게 된 거예요.
생명,7-7) 진화,B. 종분화,1,하,인라인,,,,,,,,,,,
,,,2,하,OX,,,,,,,,,,,
,,,3,중,사지선다 (단수),,,,,,,,,,,
,,,4,중-상,순서배열,,,,,,,,,,,
,,,5,상,직접 입력,,,,,,,,,,,
,,,6,중,사지선다 (복수),,,,,,,,,,,
,,,7,중-상,순서배열,,,,,,,,,,,
생명,7-7) 진화,C. 생물 다양성,1,하,인라인,,,,,,,,,,,
,,,2,하,OX,,,,,,,,,,,
,,,3,중,사지선다 (단수),,,,,,,,,,,
,,,4,중-상,순서배열,,,,,,,,,,,
,,,5,상,직접 입력,,,,,,,,,,,
,,,6,중,사지선다 (복수),,,,,,,,,,,
,,,7,중-상,순서배열,,,,,,,,,,,
생명,7-8) 생물의 다양성,A. 바이러스,1,하,인라인,,,,,,,,,,,
,,,2,하,OX,,,,,,,,,,,
,,,3,중,사지선다 (단수),,,,,,,,,,,
,,,4,중-상,순서배열,,,,,,,,,,,
,,,5,상,직접 입력,,,,,,,,,,,
,,,6,중,사지선다 (복수),,,,,,,,,,,
,,,7,중-상,순서배열,,,,,,,,,,,
생명,7-8) 생물의 다양성,B. 원핵 생물,1,하,인라인,,,,,,,,,,,
,,,2,하,OX,,,,,,,,,,,
,,,3,중,사지선다 (단수),,,,,,,,,,,
,,,4,중-상,순서배열,,,,,,,,,,,
,,,5,상,직접 입력,,,,,,,,,,,
,,,6,중,사지선다 (복수),,,,,,,,,,,
,,,7,중-상,순서배열,,,,,,,,,,,
생명,7-8) 생물의 다양성,C. 진핵 생물,1,하,인라인,,,,,,,,,,,
,,,2,하,OX,,,,,,,,,,,
,,,3,중,사지선다 (단수),,,,,,,,,,,
,,,4,중-상,순서배열,,,,,,,,,,,
,,,5,상,직접 입력,,,,,,,,,,,
,,,6,중,사지선다 (복수),,,,,,,,,,,
,,,7,중-상,순서배열,,,,,,,,,,,
생명,7-9) 식물,A. 식물 구조,1,하,인라인,,,,,,,,,,,
,,,2,하,OX,,,,,,,,,,,
,,,3,중,사지선다 (단수),,,,,,,,,,,
,,,4,중-상,순서배열,,,,,,,,,,,
,,,5,상,직접 입력,,,,,,,,,,,
,,,6,중,사지선다 (복수),,,,,,,,,,,
,,,7,중-상,순서배열,,,,,,,,,,,
생명,7-9) 식물,B. 식물 생식,1,하,인라인,,,,,,,,,,,
,,,2,하,OX,,,,,,,,,,,
,,,3,중,사지선다 (단수),,,,,,,,,,,
,,,4,중-상,순서배열,,,,,,,,,,,
,,,5,상,직접 입력,,,,,,,,,,,
,,,6,중,사지선다 (복수),,,,,,,,,,,
,,,7,중-상,순서배열,,,,,,,,,,,
생명,7-9) 식물,C. 식물 신호,1,하,인라인,,,,,,,,,,,
,,,2,하,OX,,,,,,,,,,,
,,,3,중,사지선다 (단수),,,,,,,,,,,
,,,4,중-상,순서배열,,,,,,,,,,,
,,,5,상,직접 입력,,,,,,,,,,,
,,,6,중,사지선다 (복수),,,,,,,,,,,
,,,7,중-상,순서배열,,,,,,,,,,,
생명,7-10) 인체,A. 소화,1,하,인라인,,,,,,,,,,,
,,,2,하,OX,,,,,,,,,,,
,,,3,중,사지선다 (단수),,,,,,,,,,,
,,,4,중-상,순서배열,,,,,,,,,,,
,,,5,상,직접 입력,,,,,,,,,,,
,,,6,중,사지선다 (복수),,,,,,,,,,,
,,,7,중-상,순서배열,,,,,,,,,,,
생명,7-10) 인체,B. 순환,1,하,인라인,,,,,,,,,,,
,,,2,하,OX,,,,,,,,,,,
,,,3,중,사지선다 (단수),,,,,,,,,,,
,,,4,중-상,순서배열,,,,,,,,,,,
,,,5,상,직접 입력,,,,,,,,,,,
,,,6,중,사지선다 (복수),,,,,,,,,,,
,,,7,중-상,순서배열,,,,,,,,,,,
생명,7-10) 인체,C. 호흡,1,하,인라인,,,,,,,,,,,
,,,2,하,OX,,,,,,,,,,,
,,,3,중,사지선다 (단수),,,,,,,,,,,
,,,4,중-상,순서배열,,,,,,,,,,,
,,,5,상,직접 입력,,,,,,,,,,,
,,,6,중,사지선다 (복수),,,,,,,,,,,
,,,7,중-상,순서배열,,,,,,,,,,,
생명,7-10) 인체,D. 배설,1,하,인라인,,,,,,,,,,,
,,,2,하,OX,,,,,,,,,,,
,,,3,중,사지선다 (단수),,,,,,,,,,,
,,,4,중-상,순서배열,,,,,,,,,,,
,,,5,상,직접 입력,,,,,,,,,,,
,,,6,중,사지선다 (복수),,,,,,,,,,,
,,,7,중-상,순서배열,,,,,,,,,,,
생명,7-10) 인체,E. 면역,1,하,인라인,,,,,,,,,,,
,,,2,하,OX,,,,,,,,,,,
,,,3,중,사지선다 (단수),,,,,,,,,,,
,,,4,중-상,순서배열,,,,,,,,,,,
,,,5,상,직접 입력,,,,,,,,,,,
,,,6,중,사지선다 (복수),,,,,,,,,,,
,,,7,중-상,순서배열,,,,,,,,,,,
생명,7-10) 인체,F. 신경,1,하,인라인,,,,,,,,,,,
,,,2,하,OX,,,,,,,,,,,
,,,3,중,사지선다 (단수),,,,,,,,,,,
,,,4,중-상,순서배열,,,,,,,,,,,
,,,5,상,직접 입력,,,,,,,,,,,
,,,6,중,사지선다 (복수),,,,,,,,,,,
,,,7,중-상,순서배열,,,,,,,,,,,
생명,7-10) 인체,G. 내분비,1,하,인라인,,,,,,,,,,,
,,,2,하,OX,,,,,,,,,,,
,,,3,중,사지선다 (단수),,,,,,,,,,,
,,,4,중-상,순서배열,,,,,,,,,,,
,,,5,상,직접 입력,,,,,,,,,,,
,,,6,중,사지선다 (복수),,,,,,,,,,,
,,,7,중-상,순서배열,,,,,,,,,,,
생명,7-10) 인체,H. 발생과 성장,1,하,인라인,,,,,,,,,,,
,,,2,하,OX,,,,,,,,,,,
,,,3,중,사지선다 (단수),,,,,,,,,,,
,,,4,중-상,순서배열,,,,,,,,,,,
,,,5,상,직접 입력,,,,,,,,,,,
,,,6,중,사지선다 (복수),,,,,,,,,,,
,,,7,중-상,순서배열,,,,,,,,,,,
생명,7-10) 인체,I. 노화와 죽음,1,하,인라인,,,,,,,,,,,
,,,2,하,OX,,,,,,,,,,,
,,,3,중,사지선다 (단수),,,,,,,,,,,
,,,4,중-상,순서배열,,,,,,,,,,,
,,,5,상,직접 입력,,,,,,,,,,,
,,,6,중,사지선다 (복수),,,,,,,,,,,
,,,7,중-상,순서배열,,,,,,,,,,,
생명,7-11) 생태계,A. 개체군과 군집,1,하,인라인,,,,,,,,,,,
,,,2,하,OX,,,,,,,,,,,
,,,3,중,사지선다 (단수),,,,,,,,,,,
,,,4,중-상,순서배열,,,,,,,,,,,
,,,5,상,직접 입력,,,,,,,,,,,
,,,6,중,사지선다 (복수),,,,,,,,,,,
,,,7,중-상,순서배열,,,,,,,,,,,
생명,7-11) 생태계,B. 행동 생태,1,하,인라인,,,,,,,,,,,
,,,2,하,OX,,,,,,,,,,,
,,,3,중,사지선다 (단수),,,,,,,,,,,
,,,4,중-상,순서배열,,,,,,,,,,,
,,,5,상,직접 입력,,,,,,,,,,,
,,,6,중,사지선다 (복수),,,,,,,,,,,
,,,7,중-상,순서배열,,,,,,,,,,,
생명,7-11) 생태계,C. 에너지 흐름과 물질 순환,1,하,인라인,,,,,,,,,,,
,,,2,하,OX,,,,,,,,,,,
,,,3,중,사지선다 (단수),,,,,,,,,,,
,,,4,중-상,순서배열,,,,,,,,,,,
,,,5,상,직접 입력,,,,,,,,,,,
,,,6,중,사지선다 (복수),,,,,,,,,,,
,,,7,중-상,순서배열,,,,,,,,,,,
