워크시트 C — PBL 과제 확정서 (7칸),,
선정 기준 셋: ① 자주 한다(주2회+) ② 규칙이 명확하다 ③ 데이터가 손에 있다(LV3~4면 마스킹 가능한가),,
,,
항목,내가 적기,힌트
선택한 업무,"A-1 · STORY 퀴즈 프롬프트·퀴즈 생성·검수 과정 개선
(분류: 내부운영 / 반복성: 프로젝트 반복(한시))",워크시트 A의 # 번호
한 줄 정의 (무엇을 자동화),"STORY 원고를 넣으면 Lv1~Lv4 퀴즈 초안과 1차 검수 결과가 한 번에 나오게 한다.
※ 자동화 구간 = 매번 새로 쓰는 '프롬프트 재작성' + '눈으로 하는 1차 검수'",아침 카드의 '문제' 줄을 눌러 쓰면 빠름
현재 주기 / 1회 소요,"주 3회 / 1회 40분  (= 주 120분, 프로젝트 기간 기준 월 약 8시간)",예: 주 5회 / 15분
쓰는 데이터 (위치·형식),"① STORY 원고 텍스트 (노션·구글드라이브, 텍스트)
② 퀴즈 레벨 기준표 Lv1~Lv4 (내부 문서)
③ 기존 퀴즈 프롬프트 템플릿
④ 검수 반려 사유 로그 (시트)","예: 실적 시트, 문의 메일"
데이터 보안 등급 (LV1~4),"LV1~2 — 사내 콘텐츠 원고·내부 기준 문서, 개인정보 없음 → 마스킹 불필요.
단, 미발행 원고는 LV2로 취급하여 외부 도구에 원문 저장 금지(세션 내 사용만).",LV3~4면 마스킹 가능해야 진행
완성되면 모습 (한 줄),"원고 붙여넣기 → Lv1~Lv4 문항 + 정답·해설 + 자기검수 리포트(레벨 적합성/중복/모호성) 자동 출력.
[사람 확인 지점] 과학적 사실 오류, 정답 타당성, 최종 발행 승인은 반드시 내가 확인.",카드의 '사람 확인' 지점도 함께 적기
이게 되면 절약되는 시간,"주 3건 × 25분 절감 = 주 75분 (월 약 5시간).
성공 기준: 1회차 검수 반려 건수 현재 대비 50% 이하, 1회 소요 40분 → 15분.",카드의 '성공 기준' — 주 X건 × Y분
,,
멘토 검수: ①7칸 다 찼나 ②내일 한 세션에 만들 수 있는 크기인가 ③데이터가 실제로 손에 있나 ④아침 카드와 모순 없나,,